/*******************************************************************************
 * Size: 20 px
 * Bpp: 4
 * Opts: --size 20 --bpp 4 --format lvgl --font /tmp/Montserrat-BoldItalic.ttf -r 0x20-0xff --symbols •… --no-compress --no-kerning --lv-font-name muse_font_bold_italic_20 -o esp32/components/muse/fonts/muse_font_bold_italic_20.c
 ******************************************************************************/

#ifdef LV_LVGL_H_INCLUDE_SIMPLE
#include "lvgl.h"
#else
#include "lvgl.h"
#endif

#ifndef MUSE_FONT_BOLD_ITALIC_20
#define MUSE_FONT_BOLD_ITALIC_20 1
#endif

#if MUSE_FONT_BOLD_ITALIC_20

/*-----------------
 *    BITMAPS
 *----------------*/

/*Store the image of the glyphs*/
static LV_ATTRIBUTE_LARGE_CONST const uint8_t glyph_bitmap[] = {
    /* U+0020 " " */

    /* U+0021 "!" */
    0x0, 0x4f, 0xff, 0x50, 0x6, 0xff, 0xf1, 0x0,
    0x9f, 0xfc, 0x0, 0xb, 0xff, 0x80, 0x0, 0xdf,
    0xf4, 0x0, 0xf, 0xff, 0x0, 0x1, 0xff, 0xb0,
    0x0, 0x3f, 0xf7, 0x0, 0x5, 0xff, 0x30, 0x0,
    0x13, 0x30, 0x0, 0x7, 0x92, 0x0, 0x8, 0xff,
    0xe0, 0x0, 0xbf, 0xff, 0x0, 0x4, 0xee, 0x50,
    0x0,

    /* U+0022 "\"" */
    0x6, 0xff, 0x34, 0xff, 0x50, 0x8f, 0xf0, 0x6f,
    0xf2, 0xb, 0xfc, 0x9, 0xfe, 0x0, 0xdf, 0x80,
    0xbf, 0xa0, 0xf, 0xf4, 0xe, 0xf6, 0x1, 0xbb,
    0x10, 0xbb, 0x20,

    /* U+0023 "#" */
    0x0, 0x0, 0x0, 0x2f, 0xf2, 0x0, 0xff, 0x50,
    0x0, 0x0, 0x0, 0x7, 0xfc, 0x0, 0x4f, 0xf0,
    0x0, 0x0, 0x0, 0x0, 0xdf, 0x70, 0xa, 0xfa,
    0x0, 0x0, 0x0, 0xff, 0xff, 0xff, 0xff, 0xff,
    0xff, 0xf0, 0x0, 0x2f, 0xff, 0xff, 0xff, 0xff,
    0xff, 0xfc, 0x0, 0x0, 0x33, 0xdf, 0x93, 0x3b,
    0xfb, 0x33, 0x20, 0x0, 0x0, 0x1f, 0xf3, 0x0,
    0xef, 0x60, 0x0, 0x0, 0x0, 0x5, 0xfe, 0x0,
    0x3f, 0xf2, 0x0, 0x0, 0x1, 0x33, 0xbf, 0xb3,
    0x38, 0xfe, 0x33, 0x10, 0x0, 0xbf, 0xff, 0xff,
    0xff, 0xff, 0xff, 0xf3, 0x0, 0xe, 0xff, 0xff,
    0xff, 0xff, 0xff, 0xff, 0x0, 0x0, 0x0, 0x9f,
    0xb0, 0x7, 0xfe, 0x0, 0x0, 0x0, 0x0, 0xe,
    0xf5, 0x0, 0xcf, 0x80, 0x0, 0x0, 0x0, 0x4,
    0xff, 0x0, 0x1f, 0xf3, 0x0, 0x0, 0x0,

    /* U+0024 "$" */
    0x0, 0x0, 0x0, 0x0, 0x15, 0x40, 0x0, 0x0,
    0x0, 0x0, 0x0, 0x6f, 0x90, 0x0, 0x0, 0x0,
    0x0, 0x0, 0x9f, 0x60, 0x0, 0x0, 0x0, 0x6,
    0xce, 0xff, 0xfc, 0x82, 0x0, 0x0, 0xcf, 0xff,
    0xff, 0xff, 0xfc, 0x0, 0xa, 0xff, 0xfd, 0xfe,
    0xbf, 0xf5, 0x0, 0x1f, 0xff, 0x56, 0xf9, 0x0,
    0x60, 0x0, 0x3f, 0xff, 0x19, 0xf6, 0x0, 0x0,
    0x0, 0x2f, 0xff, 0xdd, 0xf3, 0x0, 0x0, 0x0,
    0xa, 0xff, 0xff, 0xfb, 0x50, 0x0, 0x0, 0x0,
    0x8f, 0xff, 0xff, 0xfd, 0x10, 0x0, 0x0, 0x1,
    0x9f, 0xff, 0xff, 0xa0, 0x0, 0x0, 0x0, 0x9f,
    0x7a, 0xff, 0xe0, 0x0, 0x60, 0x0, 0xcf, 0x36,
    0xff, 0xd0, 0x6, 0xfd, 0x73, 0xff, 0x7e, 0xff,
    0x80, 0xe, 0xff, 0xff, 0xff, 0xff, 0xfc, 0x0,
    0x4, 0xcf, 0xff, 0xff, 0xff, 0x80, 0x0, 0x0,
    0x1, 0x4c, 0xfa, 0x40, 0x0, 0x0, 0x0, 0x0,
    0xc, 0xf3, 0x0, 0x0, 0x0, 0x0, 0x0, 0x9,
    0xa0, 0x0, 0x0, 0x0,

    /* U+0025 "%" */
    0x0, 0x6d, 0xfc, 0x40, 0x0, 0x0, 0x8f, 0xe1,
    0x8, 0xfe, 0xbf, 0xf2, 0x0, 0x5, 0xff, 0x30,
    0x2f, 0xf1, 0xa, 0xf6, 0x0, 0x4f, 0xf4, 0x0,
    0x6f, 0xa0, 0x8, 0xf7, 0x2, 0xff, 0x60, 0x0,
    0x7f, 0x80, 0xb, 0xf5, 0x1e, 0xf8, 0x0, 0x0,
    0x5f, 0xc1, 0x5f, 0xe1, 0xcf, 0xa0, 0x0, 0x0,
    0xd, 0xff, 0xff, 0x4b, 0xfc, 0x16, 0x97, 0x10,
    0x0, 0x79, 0x82, 0x9f, 0xd3, 0xef, 0xff, 0xe1,
    0x0, 0x0, 0x7, 0xfe, 0x2c, 0xf8, 0xa, 0xf8,
    0x0, 0x0, 0x5f, 0xf3, 0x1f, 0xe0, 0x5, 0xfa,
    0x0, 0x4, 0xff, 0x50, 0x4f, 0xb0, 0x7, 0xf9,
    0x0, 0x2e, 0xf7, 0x0, 0x3f, 0xd0, 0xd, 0xf5,
    0x1, 0xef, 0x90, 0x0, 0xe, 0xfc, 0xcf, 0xc0,
    0xc, 0xfb, 0x0, 0x0, 0x2, 0xbf, 0xe9, 0x0,

    /* U+0026 "&" */
    0x0, 0x0, 0x6, 0xcf, 0xfc, 0x60, 0x0, 0x0,
    0x0, 0xaf, 0xff, 0xff, 0xf7, 0x0, 0x0, 0x5,
    0xff, 0xc3, 0x4f, 0xfd, 0x0, 0x0, 0x9, 0xff,
    0x40, 0xe, 0xfb, 0x0, 0x0, 0x8, 0xff, 0x81,
    0xaf, 0xf4, 0x0, 0x0, 0x2, 0xff, 0xff, 0xff,
    0x50, 0x0, 0x0, 0x6, 0xff, 0xff, 0xb1, 0x1,
    0x0, 0x1, 0xcf, 0xfe, 0xff, 0xf3, 0xb, 0xf9,
    0xd, 0xff, 0x60, 0xaf, 0xfe, 0x7f, 0xf7, 0x7f,
    0xf9, 0x0, 0xb, 0xff, 0xff, 0xe0, 0x9f, 0xfa,
    0x0, 0x0, 0xdf, 0xff, 0x50, 0x7f, 0xff, 0xb7,
    0x8d, 0xff, 0xff, 0xd1, 0xc, 0xff, 0xff, 0xff,
    0xfd, 0xef, 0xc1, 0x0, 0x7c, 0xff, 0xeb, 0x50,
    0x3b, 0x0,

    /* U+0027 "'" */
    0x6, 0xff, 0x30, 0x8f, 0xf0, 0xb, 0xfc, 0x0,
    0xdf, 0x80, 0xf, 0xf4, 0x1, 0xbb, 0x10,

    /* U+0028 "(" */
    0x0, 0x0, 0xaf, 0xf7, 0x0, 0x6, 0xff, 0xc0,
    0x0, 0x1e, 0xff, 0x20, 0x0, 0x9f, 0xf9, 0x0,
    0x1, 0xff, 0xf2, 0x0, 0x7, 0xff, 0xa0, 0x0,
    0xc, 0xff, 0x40, 0x0, 0x1f, 0xff, 0x0, 0x0,
    0x5f, 0xfb, 0x0, 0x0, 0x8f, 0xf8, 0x0, 0x0,
    0xaf, 0xf5, 0x0, 0x0, 0xcf, 0xf3, 0x0, 0x0,
    0xdf, 0xf3, 0x0, 0x0, 0xdf, 0xf2, 0x0, 0x0,
    0xcf, 0xf4, 0x0, 0x0, 0xaf, 0xf5, 0x0, 0x0,
    0x7f, 0xf7, 0x0, 0x0, 0x4f, 0xfb, 0x0, 0x0,
    0xe, 0xff, 0x0, 0x0,

    /* U+0029 ")" */
    0x0, 0x0, 0x5f, 0xf9, 0x0, 0x0, 0x1, 0xff,
    0xe0, 0x0, 0x0, 0xd, 0xff, 0x20, 0x0, 0x0,
    0xbf, 0xf5, 0x0, 0x0, 0x9, 0xff, 0x60, 0x0,
    0x0, 0x8f, 0xf7, 0x0, 0x0, 0x8, 0xff, 0x70,
    0x0, 0x0, 0x9f, 0xf6, 0x0, 0x0, 0xb, 0xff,
    0x50, 0x0, 0x0, 0xef, 0xf2, 0x0, 0x0, 0x1f,
    0xff, 0x0, 0x0, 0x5, 0xff, 0xb0, 0x0, 0x0,
    0xaf, 0xf6, 0x0, 0x0, 0x1f, 0xff, 0x10, 0x0,
    0x7, 0xff, 0xa0, 0x0, 0x0, 0xef, 0xf3, 0x0,
    0x0, 0x8f, 0xfa, 0x0, 0x0, 0x2f, 0xfe, 0x10,
    0x0, 0xc, 0xff, 0x40, 0x0, 0x0,

    /* U+002A "*" */
    0x0, 0x0, 0xcf, 0x0, 0x0, 0x66, 0xf, 0xd0,
    0x83, 0x1f, 0xfc, 0xfe, 0xef, 0x90, 0x5e, 0xff,
    0xfe, 0x70, 0x7, 0xef, 0xff, 0xd3, 0xb, 0xfe,
    0xff, 0xcf, 0xe0, 0x48, 0x1f, 0xd0, 0x75, 0x0,
    0x3, 0xfa, 0x0, 0x0,

    /* U+002B "+" */
    0x0, 0x0, 0x2f, 0xf7, 0x0, 0x0, 0x0, 0x5,
    0xff, 0x40, 0x0, 0x0, 0x0, 0x8f, 0xf1, 0x0,
    0x1, 0x77, 0x7d, 0xff, 0x77, 0x71, 0x6f, 0xff,
    0xff, 0xff, 0xff, 0x29, 0xff, 0xff, 0xff, 0xff,
    0xe0, 0x0, 0x5, 0xff, 0x40, 0x0, 0x0, 0x0,
    0x8f, 0xf1, 0x0, 0x0, 0x0, 0xb, 0xfe, 0x0,
    0x0, 0x0, 0x0, 0x68, 0x50, 0x0, 0x0,

    /* U+002C "," */
    0x4, 0xee, 0x40, 0xef, 0xfc, 0xf, 0xff, 0xb0,
    0x8f, 0xf4, 0xa, 0xfa, 0x2, 0xff, 0x10, 0x9f,
    0x70, 0x0,

    /* U+002D "-" */
    0x5, 0x88, 0x88, 0x70, 0xdf, 0xff, 0xfc, 0xf,
    0xff, 0xff, 0x90,

    /* U+002E "." */
    0x3, 0xcc, 0x30, 0xef, 0xfc, 0xf, 0xff, 0xb0,
    0x7f, 0xd2,

    /* U+002F "/" */
    0x0, 0x0, 0x0, 0x0, 0x0, 0x2f, 0xfb, 0x0,
    0x0, 0x0, 0x0, 0x0, 0xb, 0xff, 0x30, 0x0,
    0x0, 0x0, 0x0, 0x4, 0xff, 0xa0, 0x0, 0x0,
    0x0, 0x0, 0x0, 0xcf, 0xf2, 0x0, 0x0, 0x0,
    0x0, 0x0, 0x5f, 0xf9, 0x0, 0x0, 0x0, 0x0,
    0x0, 0xd, 0xff, 0x10, 0x0, 0x0, 0x0, 0x0,
    0x6, 0xff, 0x70, 0x0, 0x0, 0x0, 0x0, 0x0,
    0xef, 0xe0, 0x0, 0x0, 0x0, 0x0, 0x0, 0x7f,
    0xf6, 0x0, 0x0, 0x0, 0x0, 0x0, 0x1f, 0xfd,
    0x0, 0x0, 0x0, 0x0, 0x0, 0x9, 0xff, 0x50,
    0x0, 0x0, 0x0, 0x0, 0x2, 0xff, 0xc0, 0x0,
    0x0, 0x0, 0x0, 0x0, 0xaf, 0xf4, 0x0, 0x0,
    0x0, 0x0, 0x0, 0x3f, 0xfb, 0x0, 0x0, 0x0,
    0x0, 0x0, 0xb, 0xff, 0x20, 0x0, 0x0, 0x0,
    0x0, 0x4, 0xff, 0xa0, 0x0, 0x0, 0x0, 0x0,
    0x0, 0xcf, 0xf1, 0x0, 0x0, 0x0, 0x0, 0x0,
    0x5f, 0xf8, 0x0, 0x0, 0x0, 0x0, 0x0, 0xd,
    0xfe, 0x10, 0x0, 0x0, 0x0, 0x0, 0x0,

    /* U+0030 "0" */
    0x0, 0x0, 0x6, 0xbe, 0xfd, 0x81, 0x0, 0x0,
    0x1, 0xcf, 0xff, 0xff, 0xfe, 0x10, 0x0, 0x1d,
    0xff, 0xfd, 0xef, 0xff, 0xb0, 0x0, 0xaf, 0xff,
    0x40, 0x8, 0xff, 0xf1, 0x2, 0xff, 0xf5, 0x0,
    0x1, 0xff, 0xf3, 0x8, 0xff, 0xe0, 0x0, 0x0,
    0xff, 0xf4, 0xc, 0xff, 0x80, 0x0, 0x2, 0xff,
    0xf2, 0xf, 0xff, 0x50, 0x0, 0x5, 0xff, 0xf0,
    0xf, 0xff, 0x30, 0x0, 0xb, 0xff, 0xc0, 0xf,
    0xff, 0x40, 0x0, 0x2f, 0xff, 0x50, 0xe, 0xff,
    0xb0, 0x2, 0xdf, 0xfd, 0x0, 0x8, 0xff, 0xfe,
    0xcf, 0xff, 0xf2, 0x0, 0x0, 0xcf, 0xff, 0xff,
    0xfe, 0x30, 0x0, 0x0, 0x7, 0xdf, 0xfc, 0x70,
    0x0, 0x0,

    /* U+0031 "1" */
    0x3f, 0xff, 0xff, 0xc7, 0xff, 0xff, 0xf9, 0x59,
    0x9f, 0xff, 0x60, 0x0, 0xff, 0xf3, 0x0, 0x3f,
    0xff, 0x0, 0x7, 0xff, 0xc0, 0x0, 0xaf, 0xf9,
    0x0, 0xd, 0xff, 0x60, 0x0, 0xff, 0xf3, 0x0,
    0x3f, 0xff, 0x0, 0x7, 0xff, 0xc0, 0x0, 0xaf,
    0xf9, 0x0, 0xd, 0xff, 0x60, 0x0, 0xff, 0xf3,
    0x0,

    /* U+0032 "2" */
    0x0, 0x0, 0x39, 0xdf, 0xfc, 0x70, 0x0, 0x0,
    0x9f, 0xff, 0xff, 0xff, 0xc0, 0x0, 0x7f, 0xff,
    0xdb, 0xef, 0xff, 0x80, 0x0, 0x7e, 0x30, 0x0,
    0xcf, 0xfb, 0x0, 0x0, 0x0, 0x0, 0x9, 0xff,
    0xa0, 0x0, 0x0, 0x0, 0x1, 0xef, 0xf5, 0x0,
    0x0, 0x0, 0x2, 0xdf, 0xfb, 0x0, 0x0, 0x0,
    0x4, 0xef, 0xfb, 0x0, 0x0, 0x0, 0x7, 0xff,
    0xf8, 0x0, 0x0, 0x0, 0x1b, 0xff, 0xf5, 0x0,
    0x0, 0x0, 0x3e, 0xff, 0xc2, 0x0, 0x0, 0x0,
    0x6f, 0xff, 0xfb, 0xaa, 0xaa, 0x60, 0x1f, 0xff,
    0xff, 0xff, 0xff, 0xf7, 0x5, 0xff, 0xff, 0xff,
    0xff, 0xff, 0x40,

    /* U+0033 "3" */
    0x0, 0xb, 0xff, 0xff, 0xff, 0xff, 0xf1, 0x0,
    0xe, 0xff, 0xff, 0xff, 0xff, 0xe0, 0x0, 0x9,
    0x99, 0x99, 0xcf, 0xff, 0x50, 0x0, 0x0, 0x0,
    0x4, 0xff, 0xf4, 0x0, 0x0, 0x0, 0x0, 0x5f,
    0xfe, 0x30, 0x0, 0x0, 0x0, 0x6, 0xff, 0xf4,
    0x0, 0x0, 0x0, 0x0, 0xd, 0xff, 0xff, 0x90,
    0x0, 0x0, 0x0, 0xd, 0xdf, 0xff, 0xf7, 0x0,
    0x0, 0x0, 0x0, 0x0, 0xaf, 0xfd, 0x0, 0x0,
    0x0, 0x0, 0x0, 0x6f, 0xfe, 0x0, 0x7, 0x91,
    0x0, 0x1, 0xdf, 0xfa, 0x0, 0x2f, 0xff, 0xdc,
    0xdf, 0xff, 0xf3, 0x0, 0x5f, 0xff, 0xff, 0xff,
    0xfe, 0x40, 0x0, 0x2, 0x8c, 0xef, 0xec, 0x71,
    0x0, 0x0,

    /* U+0034 "4" */
    0x0, 0x0, 0x0, 0x0, 0xaf, 0xfd, 0x10, 0x0,
    0x0, 0x0, 0x9, 0xff, 0xd1, 0x0, 0x0, 0x0,
    0x0, 0x8f, 0xfe, 0x20, 0x0, 0x0, 0x0, 0x7,
    0xff, 0xf3, 0x0, 0x0, 0x0, 0x0, 0x6f, 0xff,
    0x30, 0x0, 0x0, 0x0, 0x5, 0xff, 0xf4, 0x4,
    0x43, 0x0, 0x0, 0x4f, 0xff, 0x60, 0x4f, 0xfb,
    0x0, 0x3, 0xff, 0xf7, 0x0, 0x7f, 0xf8, 0x0,
    0x2e, 0xff, 0xfa, 0xaa, 0xdf, 0xfc, 0xa6, 0x9f,
    0xff, 0xff, 0xff, 0xff, 0xff, 0xf6, 0xcf, 0xff,
    0xff, 0xff, 0xff, 0xff, 0xf3, 0x0, 0x0, 0x0,
    0x6, 0xff, 0xb0, 0x0, 0x0, 0x0, 0x0, 0x9,
    0xff, 0x80, 0x0, 0x0, 0x0, 0x0, 0xd, 0xff,
    0x50, 0x0,

    /* U+0035 "5" */
    0x0, 0x0, 0x7f, 0xff, 0xff, 0xff, 0xf2, 0x0,
    0x0, 0xcf, 0xff, 0xff, 0xff, 0xe0, 0x0, 0x1,
    0xff, 0xf9, 0x99, 0x99, 0x70, 0x0, 0x5, 0xff,
    0x90, 0x0, 0x0, 0x0, 0x0, 0xa, 0xff, 0x40,
    0x0, 0x0, 0x0, 0x0, 0xf, 0xff, 0xff, 0xda,
    0x30, 0x0, 0x0, 0x4f, 0xff, 0xff, 0xff, 0xf5,
    0x0, 0x0, 0x5a, 0xaa, 0xac, 0xff, 0xfe, 0x0,
    0x0, 0x0, 0x0, 0x0, 0x6f, 0xff, 0x20, 0x0,
    0x0, 0x0, 0x0, 0x2f, 0xff, 0x10, 0x3, 0xb3,
    0x0, 0x0, 0xaf, 0xfe, 0x0, 0xd, 0xff, 0xec,
    0xcf, 0xff, 0xf6, 0x0, 0x2e, 0xff, 0xff, 0xff,
    0xff, 0x70, 0x0, 0x1, 0x7b, 0xef, 0xed, 0x82,
    0x0, 0x0,

    /* U+0036 "6" */
    0x0, 0x0, 0x3, 0x9d, 0xef, 0xdb, 0x60, 0x0,
    0x0, 0xaf, 0xff, 0xff, 0xff, 0xd0, 0x0, 0xc,
    0xff, 0xfe, 0xbb, 0xcf, 0x30, 0x0, 0x9f, 0xff,
    0x50, 0x0, 0x1, 0x0, 0x2, 0xff, 0xf4, 0x0,
    0x0, 0x0, 0x0, 0x8, 0xff, 0xb8, 0xdf, 0xea,
    0x20, 0x0, 0xd, 0xff, 0xff, 0xff, 0xff, 0xf4,
    0x0, 0xf, 0xff, 0xfb, 0x78, 0xff, 0xfd, 0x0,
    0xf, 0xff, 0x90, 0x0, 0x4f, 0xff, 0x10, 0xf,
    0xff, 0x40, 0x0, 0x1f, 0xff, 0x20, 0xc, 0xff,
    0x80, 0x0, 0x6f, 0xff, 0x0, 0x5, 0xff, 0xfa,
    0x7a, 0xff, 0xf8, 0x0, 0x0, 0x8f, 0xff, 0xff,
    0xff, 0xa0, 0x0, 0x0, 0x4, 0xae, 0xfe, 0xb5,
    0x0, 0x0,

    /* U+0037 "7" */
    0xd, 0xff, 0xff, 0xff, 0xff, 0xff, 0x51, 0xff,
    0xff, 0xff, 0xff, 0xff, 0xf2, 0x4f, 0xfd, 0xaa,
    0xaa, 0xff, 0xfc, 0x7, 0xff, 0x60, 0x0, 0x6f,
    0xff, 0x20, 0x9f, 0xf3, 0x0, 0x1f, 0xff, 0x80,
    0x0, 0x0, 0x0, 0xa, 0xff, 0xd0, 0x0, 0x0,
    0x0, 0x4, 0xff, 0xf4, 0x0, 0x0, 0x0, 0x0,
    0xef, 0xfa, 0x0, 0x0, 0x0, 0x0, 0x9f, 0xfe,
    0x10, 0x0, 0x0, 0x0, 0x3f, 0xff, 0x60, 0x0,
    0x0, 0x0, 0xd, 0xff, 0xc0, 0x0, 0x0, 0x0,
    0x7, 0xff, 0xf2, 0x0, 0x0, 0x0, 0x2, 0xff,
    0xf8, 0x0, 0x0, 0x0, 0x0, 0xbf, 0xfd, 0x0,
    0x0, 0x0, 0x0,

    /* U+0038 "8" */
    0x0, 0x0, 0x6b, 0xef, 0xfd, 0x82, 0x0, 0x1,
    0xcf, 0xff, 0xff, 0xff, 0xf4, 0x0, 0x8f, 0xff,
    0x96, 0x8e, 0xff, 0xc0, 0xc, 0xff, 0x70, 0x0,
    0x5f, 0xfe, 0x0, 0xbf, 0xfb, 0x20, 0x2b, 0xff,
    0xa0, 0x2, 0xff, 0xff, 0xff, 0xff, 0xc1, 0x1,
    0xcf, 0xff, 0xff, 0xff, 0xe1, 0x0, 0xdf, 0xfd,
    0x64, 0x6e, 0xff, 0xc0, 0x5f, 0xfe, 0x10, 0x0,
    0x3f, 0xff, 0x28, 0xff, 0xc0, 0x0, 0x2, 0xff,
    0xf2, 0x7f, 0xfe, 0x10, 0x0, 0x7f, 0xff, 0x2,
    0xff, 0xfd, 0x77, 0xaf, 0xff, 0x80, 0x6, 0xff,
    0xff, 0xff, 0xff, 0xa0, 0x0, 0x2, 0x9d, 0xff,
    0xea, 0x40, 0x0,

    /* U+0039 "9" */
    0x0, 0x2, 0x9d, 0xfe, 0xc7, 0x0, 0x0, 0x6,
    0xff, 0xff, 0xff, 0xfd, 0x10, 0x3, 0xff, 0xfc,
    0x78, 0xef, 0xfb, 0x0, 0x9f, 0xfb, 0x0, 0x1,
    0xff, 0xf2, 0xb, 0xff, 0x70, 0x0, 0xe, 0xff,
    0x50, 0xaf, 0xfe, 0x30, 0x29, 0xff, 0xf7, 0x3,
    0xff, 0xff, 0xff, 0xff, 0xff, 0x60, 0x5, 0xef,
    0xff, 0xfc, 0xff, 0xf3, 0x0, 0x0, 0x46, 0x62,
    0x7f, 0xff, 0x0, 0x0, 0x0, 0x0, 0x1e, 0xff,
    0x90, 0x2, 0x0, 0x0, 0x3d, 0xff, 0xe1, 0x0,
    0xde, 0xbb, 0xdf, 0xff, 0xf4, 0x0, 0x8f, 0xff,
    0xff, 0xff, 0xd3, 0x0, 0x3, 0xad, 0xff, 0xeb,
    0x50, 0x0, 0x0,

    /* U+003A ":" */
    0x0, 0xb, 0xfa, 0x0, 0x7, 0xff, 0xf3, 0x0,
    0x8f, 0xff, 0x20, 0x1, 0xbd, 0x60, 0x0, 0x0,
    0x0, 0x0, 0x0, 0x0, 0x0, 0x0, 0x0, 0x0,
    0x0, 0x3c, 0xc3, 0x0, 0xe, 0xff, 0xc0, 0x0,
    0xff, 0xfb, 0x0, 0x7, 0xfd, 0x20, 0x0,

    /* U+003B ";" */
    0x0, 0xb, 0xfa, 0x0, 0x7, 0xff, 0xf3, 0x0,
    0x8f, 0xff, 0x20, 0x1, 0xbd, 0x60, 0x0, 0x0,
    0x0, 0x0, 0x0, 0x0, 0x0, 0x0, 0x0, 0x0,
    0x0, 0x3b, 0xb2, 0x0, 0xd, 0xff, 0xc0, 0x0,
    0xff, 0xfb, 0x0, 0x8, 0xff, 0x40, 0x0, 0xaf,
    0xa0, 0x0, 0x2f, 0xf1, 0x0, 0x8, 0xe6, 0x0,
    0x0,

    /* U+003C "<" */
    0x0, 0x0, 0x0, 0x0, 0x17, 0xc0, 0x0, 0x0,
    0x0, 0x6b, 0xff, 0xc0, 0x0, 0x4, 0xaf, 0xff,
    0xff, 0x70, 0x19, 0xef, 0xff, 0xfa, 0x50, 0x0,
    0x5f, 0xff, 0xb5, 0x0, 0x0, 0x0, 0x8f, 0xfe,
    0x71, 0x0, 0x0, 0x0, 0x4c, 0xff, 0xff, 0xa4,
    0x0, 0x0, 0x0, 0x29, 0xff, 0xff, 0xe5, 0x0,
    0x0, 0x0, 0x6, 0xdf, 0xf6, 0x0, 0x0, 0x0,
    0x0, 0x4, 0xa2, 0x0,

    /* U+003D "=" */
    0x0, 0xcf, 0xff, 0xff, 0xff, 0xfb, 0x0, 0xff,
    0xff, 0xff, 0xff, 0xf8, 0x1, 0x77, 0x77, 0x77,
    0x77, 0x72, 0x0, 0x0, 0x0, 0x0, 0x0, 0x0,
    0x0, 0x0, 0x0, 0x0, 0x0, 0x0, 0xc, 0xff,
    0xff, 0xff, 0xff, 0xb0, 0xf, 0xff, 0xff, 0xff,
    0xff, 0x80, 0x17, 0x77, 0x77, 0x77, 0x77, 0x20,

    /* U+003E ">" */
    0x0, 0x89, 0x30, 0x0, 0x0, 0x0, 0x0, 0xbf,
    0xfc, 0x50, 0x0, 0x0, 0x0, 0x8e, 0xff, 0xfe,
    0x82, 0x0, 0x0, 0x0, 0x5b, 0xff, 0xff, 0xb2,
    0x0, 0x0, 0x0, 0x28, 0xff, 0xf2, 0x0, 0x0,
    0x3, 0x9e, 0xff, 0xf0, 0x0, 0x38, 0xef, 0xff,
    0xfb, 0x50, 0xd, 0xff, 0xff, 0xc7, 0x10, 0x0,
    0x2f, 0xfd, 0x82, 0x0, 0x0, 0x0, 0x49, 0x30,
    0x0, 0x0, 0x0, 0x0,

    /* U+003F "?" */
    0x0, 0x39, 0xdf, 0xfd, 0x81, 0x0, 0x9f, 0xff,
    0xff, 0xff, 0xe2, 0x7f, 0xff, 0xca, 0xdf, 0xff,
    0x90, 0x8d, 0x20, 0x0, 0xcf, 0xfb, 0x0, 0x0,
    0x0, 0xb, 0xff, 0x70, 0x0, 0x0, 0x9, 0xff,
    0xc0, 0x0, 0x0, 0x1c, 0xff, 0xb1, 0x0, 0x0,
    0x1d, 0xff, 0x70, 0x0, 0x0, 0x9, 0xff, 0x80,
    0x0, 0x0, 0x0, 0x0, 0x0, 0x0, 0x0, 0x0,
    0x7, 0x92, 0x0, 0x0, 0x0, 0x9, 0xff, 0xd0,
    0x0, 0x0, 0x0, 0xcf, 0xfe, 0x0, 0x0, 0x0,
    0x4, 0xee, 0x50, 0x0, 0x0,

    /* U+0040 "@" */
    0x0, 0x0, 0x0, 0x4, 0x8c, 0xef, 0xed, 0xa5,
    0x0, 0x0, 0x0, 0x0, 0x0, 0x5d, 0xff, 0xff,
    0xef, 0xff, 0xfd, 0x40, 0x0, 0x0, 0x0, 0x9f,
    0xfc, 0x61, 0x0, 0x1, 0x5c, 0xff, 0x40, 0x0,
    0x0, 0xbf, 0xf5, 0x0, 0x34, 0x20, 0x25, 0x5a,
    0xff, 0x10, 0x0, 0x8f, 0xe2, 0x7, 0xff, 0xff,
    0xa8, 0xff, 0x3b, 0xf7, 0x0, 0x2f, 0xf4, 0x9,
    0xff, 0xff, 0xff, 0xff, 0xf0, 0x4f, 0xc0, 0x9,
    0xfb, 0x4, 0xff, 0xd4, 0x3, 0xef, 0xfd, 0x1,
    0xfe, 0x0, 0xef, 0x50, 0xbf, 0xf2, 0x0, 0x6,
    0xff, 0xa0, 0xf, 0xf0, 0x2f, 0xf0, 0xf, 0xfd,
    0x0, 0x0, 0x4f, 0xf6, 0x1, 0xfe, 0x4, 0xff,
    0x1, 0xff, 0xb0, 0x0, 0x6, 0xff, 0x30, 0x5f,
    0xb0, 0x5f, 0xe0, 0xf, 0xfe, 0x0, 0x0, 0xdf,
    0xf1, 0xb, 0xf6, 0x3, 0xff, 0x0, 0xbf, 0xfa,
    0x45, 0xcf, 0xff, 0x58, 0xfd, 0x0, 0x1f, 0xf4,
    0x2, 0xff, 0xff, 0xff, 0xdf, 0xff, 0xff, 0x30,
    0x0, 0xbf, 0xc0, 0x2, 0xbf, 0xfc, 0x41, 0xaf,
    0xfb, 0x20, 0x0, 0x3, 0xff, 0x90, 0x0, 0x0,
    0x0, 0x0, 0x0, 0x0, 0x0, 0x0, 0x6, 0xff,
    0xd6, 0x10, 0x1, 0x48, 0x0, 0x0, 0x0, 0x0,
    0x0, 0x5, 0xef, 0xff, 0xff, 0xff, 0xf3, 0x0,
    0x0, 0x0, 0x0, 0x0, 0x0, 0x6b, 0xdf, 0xfd,
    0xb7, 0x10, 0x0, 0x0, 0x0,

    /* U+0041 "A" */
    0x0, 0x0, 0x0, 0x0, 0x8, 0xff, 0xf1, 0x0,
    0x0, 0x0, 0x0, 0x0, 0x3, 0xff, 0xff, 0x50,
    0x0, 0x0, 0x0, 0x0, 0x0, 0xcf, 0xff, 0xf9,
    0x0, 0x0, 0x0, 0x0, 0x0, 0x7f, 0xfa, 0xff,
    0xd0, 0x0, 0x0, 0x0, 0x0, 0x2f, 0xfe, 0x1e,
    0xff, 0x10, 0x0, 0x0, 0x0, 0xc, 0xff, 0x50,
    0xaf, 0xf5, 0x0, 0x0, 0x0, 0x6, 0xff, 0xb0,
    0x7, 0xff, 0x90, 0x0, 0x0, 0x1, 0xff, 0xf2,
    0x0, 0x3f, 0xfd, 0x0, 0x0, 0x0, 0xbf, 0xfd,
    0x77, 0x78, 0xff, 0xf1, 0x0, 0x0, 0x5f, 0xff,
    0xff, 0xff, 0xff, 0xff, 0x50, 0x0, 0x1e, 0xff,
    0xff, 0xff, 0xff, 0xff, 0xf9, 0x0, 0xa, 0xff,
    0xb0, 0x0, 0x0, 0x5, 0xff, 0xd0, 0x4, 0xff,
    0xf2, 0x0, 0x0, 0x0, 0x2f, 0xff, 0x10, 0xef,
    0xf8, 0x0, 0x0, 0x0, 0x0, 0xef, 0xf5,

    /* U+0042 "B" */
    0x0, 0xb, 0xff, 0xff, 0xff, 0xfe, 0xa3, 0x0,
    0x0, 0xef, 0xff, 0xff, 0xff, 0xff, 0xf4, 0x0,
    0x2f, 0xff, 0x77, 0x77, 0xaf, 0xff, 0xb0, 0x5,
    0xff, 0xe0, 0x0, 0x0, 0xaf, 0xfc, 0x0, 0x8f,
    0xfa, 0x0, 0x0, 0xc, 0xff, 0x80, 0xb, 0xff,
    0xb6, 0x66, 0x7c, 0xff, 0xd1, 0x0, 0xef, 0xff,
    0xff, 0xff, 0xff, 0xc1, 0x0, 0x2f, 0xff, 0xff,
    0xff, 0xff, 0xff, 0x70, 0x5, 0xff, 0xe0, 0x0,
    0x1, 0x7f, 0xff, 0x10, 0x8f, 0xfb, 0x0, 0x0,
    0x0, 0xff, 0xf2, 0xb, 0xff, 0x70, 0x0, 0x0,
    0x5f, 0xff, 0x10, 0xef, 0xfa, 0x77, 0x77, 0xaf,
    0xff, 0xa0, 0x1f, 0xff, 0xff, 0xff, 0xff, 0xff,
    0xc1, 0x5, 0xff, 0xff, 0xff, 0xff, 0xea, 0x50,
    0x0,

    /* U+0043 "C" */
    0x0, 0x0, 0x17, 0xbe, 0xfe, 0xc8, 0x10, 0x0,
    0x0, 0x7f, 0xff, 0xff, 0xff, 0xff, 0x50, 0x0,
    0xaf, 0xff, 0xfe, 0xce, 0xff, 0xfe, 0x0, 0x8f,
    0xff, 0xa2, 0x0, 0x3, 0xdc, 0x20, 0x2f, 0xff,
    0x90, 0x0, 0x0, 0x1, 0x0, 0x8, 0xff, 0xd0,
    0x0, 0x0, 0x0, 0x0, 0x0, 0xcf, 0xf8, 0x0,
    0x0, 0x0, 0x0, 0x0, 0xe, 0xff, 0x50, 0x0,
    0x0, 0x0, 0x0, 0x0, 0xef, 0xf5, 0x0, 0x0,
    0x0, 0x0, 0x0, 0xc, 0xff, 0xb0, 0x0, 0x0,
    0x1, 0x0, 0x0, 0x7f, 0xff, 0x91, 0x0, 0x4,
    0xdb, 0x0, 0x0, 0xdf, 0xff, 0xfd, 0xce, 0xff,
    0xf9, 0x0, 0x1, 0xcf, 0xff, 0xff, 0xff, 0xfb,
    0x10, 0x0, 0x0, 0x5a, 0xdf, 0xfd, 0xa4, 0x0,
    0x0,

    /* U+0044 "D" */
    0x0, 0xb, 0xff, 0xff, 0xff, 0xeb, 0x60, 0x0,
    0x0, 0x0, 0xef, 0xff, 0xff, 0xff, 0xff, 0xe4,
    0x0, 0x0, 0x2f, 0xff, 0xba, 0xac, 0xef, 0xff,
    0xf2, 0x0, 0x5, 0xff, 0xe0, 0x0, 0x0, 0x6f,
    0xff, 0xa0, 0x0, 0x8f, 0xfb, 0x0, 0x0, 0x0,
    0x8f, 0xff, 0x0, 0xb, 0xff, 0x80, 0x0, 0x0,
    0x3, 0xff, 0xf1, 0x0, 0xef, 0xf5, 0x0, 0x0,
    0x0, 0x3f, 0xff, 0x10, 0x2f, 0xff, 0x10, 0x0,
    0x0, 0x5, 0xff, 0xf0, 0x5, 0xff, 0xe0, 0x0,
    0x0, 0x0, 0xbf, 0xfb, 0x0, 0x8f, 0xfb, 0x0,
    0x0, 0x0, 0x5f, 0xff, 0x50, 0xb, 0xff, 0x80,
    0x0, 0x0, 0x7f, 0xff, 0xb0, 0x0, 0xef, 0xfc,
    0xaa, 0xac, 0xff, 0xff, 0xd1, 0x0, 0x1f, 0xff,
    0xff, 0xff, 0xff, 0xff, 0xa0, 0x0, 0x5, 0xff,
    0xff, 0xff, 0xfe, 0xc8, 0x20, 0x0, 0x0,

    /* U+0045 "E" */
    0x0, 0xb, 0xff, 0xff, 0xff, 0xff, 0xfd, 0x0,
    0xe, 0xff, 0xff, 0xff, 0xff, 0xfa, 0x0, 0x2f,
    0xff, 0x99, 0x99, 0x99, 0x94, 0x0, 0x5f, 0xfe,
    0x0, 0x0, 0x0, 0x0, 0x0, 0x8f, 0xfa, 0x0,
    0x0, 0x0, 0x0, 0x0, 0xbf, 0xfc, 0x88, 0x88,
    0x88, 0x0, 0x0, 0xef, 0xff, 0xff, 0xff, 0xfc,
    0x0, 0x2, 0xff, 0xff, 0xff, 0xff, 0xf9, 0x0,
    0x5, 0xff, 0xd0, 0x0, 0x0, 0x0, 0x0, 0x8,
    0xff, 0xa0, 0x0, 0x0, 0x0, 0x0, 0xb, 0xff,
    0x70, 0x0, 0x0, 0x0, 0x0, 0xe, 0xff, 0xca,
    0xaa, 0xaa, 0xa8, 0x0, 0x1f, 0xff, 0xff, 0xff,
    0xff, 0xfb, 0x0, 0x5f, 0xff, 0xff, 0xff, 0xff,
    0xf8, 0x0,

    /* U+0046 "F" */
    0x0, 0xb, 0xff, 0xff, 0xff, 0xff, 0xfd, 0x0,
    0xe, 0xff, 0xff, 0xff, 0xff, 0xfa, 0x0, 0x2f,
    0xff, 0xa9, 0x99, 0x99, 0x94, 0x0, 0x5f, 0xfe,
    0x0, 0x0, 0x0, 0x0, 0x0, 0x8f, 0xfb, 0x0,
    0x0, 0x0, 0x0, 0x0, 0xbf, 0xf8, 0x0, 0x0,
    0x0, 0x0, 0x0, 0xef, 0xfc, 0x99, 0x99, 0x97,
    0x0, 0x2, 0xff, 0xff, 0xff, 0xff, 0xfa, 0x0,
    0x5, 0xff, 0xff, 0xff, 0xff, 0xf6, 0x0, 0x8,
    0xff, 0xb0, 0x0, 0x0, 0x0, 0x0, 0xb, 0xff,
    0x80, 0x0, 0x0, 0x0, 0x0, 0xe, 0xff, 0x50,
    0x0, 0x0, 0x0, 0x0, 0x1f, 0xff, 0x20, 0x0,
    0x0, 0x0, 0x0, 0x5f, 0xff, 0x0, 0x0, 0x0,
    0x0, 0x0,

    /* U+0047 "G" */
    0x0, 0x0, 0x17, 0xbe, 0xff, 0xd9, 0x30, 0x0,
    0x0, 0x7f, 0xff, 0xff, 0xff, 0xff, 0xa0, 0x0,
    0xaf, 0xff, 0xfe, 0xcd, 0xff, 0xff, 0x50, 0x8f,
    0xff, 0xb3, 0x0, 0x1, 0x8f, 0x50, 0x2f, 0xff,
    0x90, 0x0, 0x0, 0x0, 0x10, 0x8, 0xff, 0xd0,
    0x0, 0x0, 0x0, 0x0, 0x0, 0xcf, 0xf8, 0x0,
    0x0, 0x0, 0x13, 0x31, 0xe, 0xff, 0x50, 0x0,
    0x0, 0xa, 0xff, 0x40, 0xef, 0xf5, 0x0, 0x0,
    0x0, 0xdf, 0xf1, 0xc, 0xff, 0xb0, 0x0, 0x0,
    0x1f, 0xfe, 0x0, 0x7f, 0xff, 0x91, 0x0, 0x6,
    0xff, 0xa0, 0x0, 0xdf, 0xff, 0xfd, 0xce, 0xff,
    0xf7, 0x0, 0x1, 0xcf, 0xff, 0xff, 0xff, 0xfd,
    0x20, 0x0, 0x0, 0x5a, 0xdf, 0xfd, 0xa5, 0x0,
    0x0,

    /* U+0048 "H" */
    0x0, 0xb, 0xff, 0x80, 0x0, 0x0, 0x2f, 0xff,
    0x10, 0x0, 0xef, 0xf5, 0x0, 0x0, 0x5, 0xff,
    0xe0, 0x0, 0x2f, 0xff, 0x10, 0x0, 0x0, 0x8f,
    0xfb, 0x0, 0x5, 0xff, 0xe0, 0x0, 0x0, 0xc,
    0xff, 0x80, 0x0, 0x8f, 0xfa, 0x0, 0x0, 0x0,
    0xff, 0xf5, 0x0, 0xb, 0xff, 0xec, 0xcc, 0xcc,
    0xcf, 0xff, 0x10, 0x0, 0xef, 0xff, 0xff, 0xff,
    0xff, 0xff, 0xe0, 0x0, 0x2f, 0xff, 0xff, 0xff,
    0xff, 0xff, 0xfb, 0x0, 0x5, 0xff, 0xe0, 0x0,
    0x0, 0xc, 0xff, 0x80, 0x0, 0x8f, 0xfb, 0x0,
    0x0, 0x0, 0xff, 0xf5, 0x0, 0xb, 0xff, 0x80,
    0x0, 0x0, 0x2f, 0xff, 0x10, 0x0, 0xef, 0xf5,
    0x0, 0x0, 0x5, 0xff, 0xe0, 0x0, 0x1f, 0xff,
    0x20, 0x0, 0x0, 0x8f, 0xfb, 0x0, 0x5, 0xff,
    0xe0, 0x0, 0x0, 0xb, 0xff, 0x80, 0x0,

    /* U+0049 "I" */
    0x0, 0xb, 0xff, 0x80, 0x0, 0xef, 0xf5, 0x0,
    0x2f, 0xff, 0x20, 0x5, 0xff, 0xe0, 0x0, 0x8f,
    0xfb, 0x0, 0xb, 0xff, 0x80, 0x0, 0xef, 0xf5,
    0x0, 0x2f, 0xff, 0x20, 0x5, 0xff, 0xe0, 0x0,
    0x8f, 0xfb, 0x0, 0xb, 0xff, 0x80, 0x0, 0xef,
    0xf5, 0x0, 0x1f, 0xff, 0x20, 0x5, 0xff, 0xf0,
    0x0,

    /* U+004A "J" */
    0x0, 0x3, 0xff, 0xff, 0xff, 0xfe, 0x0, 0x0,
    0x6f, 0xff, 0xff, 0xff, 0xb0, 0x0, 0x5, 0x99,
    0x99, 0xef, 0xf8, 0x0, 0x0, 0x0, 0x0, 0xe,
    0xff, 0x40, 0x0, 0x0, 0x0, 0x1, 0xff, 0xf1,
    0x0, 0x0, 0x0, 0x0, 0x4f, 0xfe, 0x0, 0x0,
    0x0, 0x0, 0x8, 0xff, 0xa0, 0x0, 0x0, 0x0,
    0x0, 0xbf, 0xf7, 0x0, 0x0, 0x0, 0x0, 0xe,
    0xff, 0x40, 0x0, 0x0, 0x0, 0x2, 0xff, 0xf0,
    0x0, 0x7, 0xa0, 0x0, 0xaf, 0xfc, 0x0, 0x8,
    0xff, 0xeb, 0xdf, 0xff, 0x50, 0x0, 0x7f, 0xff,
    0xff, 0xff, 0x90, 0x0, 0x0, 0x4a, 0xef, 0xeb,
    0x50, 0x0, 0x0,

    /* U+004B "K" */
    0x0, 0xb, 0xff, 0x70, 0x0, 0x2, 0xdf, 0xfd,
    0x10, 0x0, 0xef, 0xf4, 0x0, 0x3, 0xef, 0xfb,
    0x0, 0x0, 0x2f, 0xff, 0x10, 0x4, 0xff, 0xfa,
    0x0, 0x0, 0x5, 0xff, 0xe0, 0x6, 0xff, 0xf8,
    0x0, 0x0, 0x0, 0x8f, 0xfb, 0x8, 0xff, 0xf6,
    0x0, 0x0, 0x0, 0xb, 0xff, 0x8a, 0xff, 0xf4,
    0x0, 0x0, 0x0, 0x0, 0xef, 0xfe, 0xff, 0xf5,
    0x0, 0x0, 0x0, 0x0, 0x2f, 0xff, 0xff, 0xff,
    0xc0, 0x0, 0x0, 0x0, 0x5, 0xff, 0xff, 0xcf,
    0xff, 0x70, 0x0, 0x0, 0x0, 0x8f, 0xff, 0x90,
    0x9f, 0xff, 0x20, 0x0, 0x0, 0xb, 0xff, 0x90,
    0x0, 0xef, 0xfb, 0x0, 0x0, 0x0, 0xef, 0xf4,
    0x0, 0x4, 0xff, 0xf6, 0x0, 0x0, 0x1f, 0xff,
    0x10, 0x0, 0xa, 0xff, 0xe1, 0x0, 0x5, 0xff,
    0xe0, 0x0, 0x0, 0x1e, 0xff, 0xa0, 0x0,

    /* U+004C "L" */
    0x0, 0xb, 0xff, 0x80, 0x0, 0x0, 0x0, 0xe,
    0xff, 0x50, 0x0, 0x0, 0x0, 0x2f, 0xff, 0x20,
    0x0, 0x0, 0x0, 0x5f, 0xfe, 0x0, 0x0, 0x0,
    0x0, 0x8f, 0xfb, 0x0, 0x0, 0x0, 0x0, 0xbf,
    0xf8, 0x0, 0x0, 0x0, 0x0, 0xef, 0xf5, 0x0,
    0x0, 0x0, 0x2, 0xff, 0xf2, 0x0, 0x0, 0x0,
    0x5, 0xff, 0xe0, 0x0, 0x0, 0x0, 0x8, 0xff,
    0xb0, 0x0, 0x0, 0x0, 0xb, 0xff, 0x80, 0x0,
    0x0, 0x0, 0xe, 0xff, 0xca, 0xaa, 0xaa, 0xa3,
    0x1f, 0xff, 0xff, 0xff, 0xff, 0xf2, 0x5f, 0xff,
    0xff, 0xff, 0xff, 0xf0,

    /* U+004D "M" */
    0x0, 0xb, 0xff, 0x30, 0x0, 0x0, 0x0, 0x1,
    0xef, 0xf0, 0x0, 0xe, 0xff, 0x90, 0x0, 0x0,
    0x0, 0xc, 0xff, 0xd0, 0x0, 0x2f, 0xff, 0xf1,
    0x0, 0x0, 0x0, 0x9f, 0xff, 0xa0, 0x0, 0x5f,
    0xff, 0xf6, 0x0, 0x0, 0x5, 0xff, 0xff, 0x70,
    0x0, 0x8f, 0xff, 0xfd, 0x0, 0x0, 0x3f, 0xff,
    0xff, 0x30, 0x0, 0xbf, 0xff, 0xff, 0x30, 0x1,
    0xdf, 0xff, 0xff, 0x0, 0x0, 0xef, 0xf6, 0xff,
    0xa0, 0xb, 0xff, 0x8f, 0xfd, 0x0, 0x2, 0xff,
    0xe0, 0xef, 0xf1, 0x7f, 0xf9, 0x6f, 0xfa, 0x0,
    0x5, 0xff, 0xb0, 0x7f, 0xfb, 0xff, 0xc0, 0x9f,
    0xf7, 0x0, 0x8, 0xff, 0x80, 0x1f, 0xff, 0xfe,
    0x10, 0xcf, 0xf4, 0x0, 0xb, 0xff, 0x50, 0xa,
    0xff, 0xf3, 0x0, 0xff, 0xf0, 0x0, 0xe, 0xff,
    0x10, 0x3, 0xff, 0x60, 0x3, 0xff, 0xd0, 0x0,
    0x1f, 0xfe, 0x0, 0x0, 0x77, 0x0, 0x6, 0xff,
    0xa0, 0x0, 0x5f, 0xfb, 0x0, 0x0, 0x0, 0x0,
    0x9, 0xff, 0x70, 0x0,

    /* U+004E "N" */
    0x0, 0xb, 0xff, 0x50, 0x0, 0x0, 0x1f, 0xff,
    0x10, 0x0, 0xef, 0xfe, 0x0, 0x0, 0x4, 0xff,
    0xe0, 0x0, 0x2f, 0xff, 0xf8, 0x0, 0x0, 0x7f,
    0xfb, 0x0, 0x5, 0xff, 0xff, 0xf2, 0x0, 0xa,
    0xff, 0x80, 0x0, 0x8f, 0xff, 0xff, 0xb0, 0x0,
    0xef, 0xf5, 0x0, 0xb, 0xff, 0xcf, 0xff, 0x50,
    0x1f, 0xff, 0x10, 0x0, 0xef, 0xf4, 0xbf, 0xfe,
    0x4, 0xff, 0xe0, 0x0, 0x2f, 0xff, 0x12, 0xff,
    0xf8, 0x7f, 0xfb, 0x0, 0x5, 0xff, 0xe0, 0x8,
    0xff, 0xfc, 0xff, 0x80, 0x0, 0x8f, 0xfa, 0x0,
    0xd, 0xff, 0xff, 0xf5, 0x0, 0xb, 0xff, 0x70,
    0x0, 0x5f, 0xff, 0xff, 0x10, 0x0, 0xef, 0xf4,
    0x0, 0x0, 0xbf, 0xff, 0xe0, 0x0, 0x1f, 0xff,
    0x10, 0x0, 0x2, 0xff, 0xfb, 0x0, 0x5, 0xff,
    0xe0, 0x0, 0x0, 0x8, 0xff, 0x80, 0x0,

    /* U+004F "O" */
    0x0, 0x0, 0x17, 0xce, 0xfe, 0xc8, 0x20, 0x0,
    0x0, 0x8, 0xff, 0xff, 0xff, 0xff, 0xf7, 0x0,
    0x0, 0xbf, 0xff, 0xfe, 0xdf, 0xff, 0xff, 0x60,
    0x8, 0xff, 0xfa, 0x20, 0x0, 0x4e, 0xff, 0xe0,
    0x2f, 0xff, 0x90, 0x0, 0x0, 0x3, 0xff, 0xf5,
    0x8f, 0xfd, 0x0, 0x0, 0x0, 0x0, 0xef, 0xf7,
    0xcf, 0xf8, 0x0, 0x0, 0x0, 0x0, 0xdf, 0xf7,
    0xef, 0xf5, 0x0, 0x0, 0x0, 0x0, 0xff, 0xf5,
    0xff, 0xf6, 0x0, 0x0, 0x0, 0x5, 0xff, 0xf1,
    0xcf, 0xfb, 0x0, 0x0, 0x0, 0x1e, 0xff, 0xa0,
    0x7f, 0xff, 0x91, 0x0, 0x5, 0xef, 0xff, 0x20,
    0xd, 0xff, 0xff, 0xdc, 0xff, 0xff, 0xf4, 0x0,
    0x2, 0xcf, 0xff, 0xff, 0xff, 0xfd, 0x30, 0x0,
    0x0, 0x5, 0xbe, 0xff, 0xda, 0x40, 0x0, 0x0,

    /* U+0050 "P" */
    0x0, 0xb, 0xff, 0xff, 0xff, 0xea, 0x30, 0x0,
    0x0, 0xef, 0xff, 0xff, 0xff, 0xff, 0x60, 0x0,
    0x2f, 0xff, 0xaa, 0xac, 0xff, 0xff, 0x20, 0x5,
    0xff, 0xe0, 0x0, 0x3, 0xff, 0xf6, 0x0, 0x8f,
    0xfb, 0x0, 0x0, 0xd, 0xff, 0x70, 0xb, 0xff,
    0x80, 0x0, 0x0, 0xef, 0xf5, 0x0, 0xef, 0xf4,
    0x0, 0x0, 0x9f, 0xff, 0x10, 0x2f, 0xff, 0xba,
    0xab, 0xef, 0xff, 0x80, 0x5, 0xff, 0xff, 0xff,
    0xff, 0xff, 0x80, 0x0, 0x8f, 0xff, 0xff, 0xfe,
    0xd9, 0x30, 0x0, 0xb, 0xff, 0x70, 0x0, 0x0,
    0x0, 0x0, 0x0, 0xef, 0xf4, 0x0, 0x0, 0x0,
    0x0, 0x0, 0x1f, 0xff, 0x10, 0x0, 0x0, 0x0,
    0x0, 0x5, 0xff, 0xe0, 0x0, 0x0, 0x0, 0x0,
    0x0,

    /* U+0051 "Q" */
    0x0, 0x0, 0x17, 0xbe, 0xfe, 0xc8, 0x20, 0x0,
    0x0, 0x7, 0xff, 0xff, 0xff, 0xff, 0xf6, 0x0,
    0x0, 0xaf, 0xff, 0xfe, 0xdf, 0xff, 0xff, 0x50,
    0x7, 0xff, 0xfb, 0x20, 0x0, 0x5e, 0xff, 0xe0,
    0x1f, 0xff, 0xa0, 0x0, 0x0, 0x4, 0xff, 0xf4,
    0x7f, 0xfe, 0x0, 0x0, 0x0, 0x0, 0xef, 0xf6,
    0xcf, 0xf9, 0x0, 0x0, 0x0, 0x0, 0xdf, 0xf7,
    0xef, 0xf5, 0x0, 0x0, 0x0, 0x0, 0xef, 0xf5,
    0xff, 0xf5, 0x0, 0x0, 0x0, 0x3, 0xff, 0xf2,
    0xdf, 0xf8, 0x0, 0x0, 0x0, 0xc, 0xff, 0xc0,
    0x9f, 0xff, 0x30, 0x0, 0x0, 0xaf, 0xff, 0x40,
    0x2f, 0xff, 0xf9, 0x65, 0x8e, 0xff, 0xf8, 0x0,
    0x6, 0xff, 0xff, 0xff, 0xff, 0xff, 0x80, 0x0,
    0x0, 0x3c, 0xff, 0xff, 0xff, 0xb3, 0x0, 0x0,
    0x0, 0x0, 0x19, 0xff, 0xf9, 0x11, 0x79, 0x0,
    0x0, 0x0, 0x0, 0xbf, 0xff, 0xff, 0xff, 0x40,
    0x0, 0x0, 0x0, 0x8, 0xff, 0xff, 0xfb, 0x10,
    0x0, 0x0, 0x0, 0x0, 0x4, 0x65, 0x20, 0x0,

    /* U+0052 "R" */
    0x0, 0xb, 0xff, 0xff, 0xff, 0xea, 0x30, 0x0,
    0x0, 0xef, 0xff, 0xff, 0xff, 0xff, 0x70, 0x0,
    0x2f, 0xff, 0xaa, 0xac, 0xff, 0xff, 0x20, 0x5,
    0xff, 0xf0, 0x0, 0x2, 0xff, 0xf7, 0x0, 0x8f,
    0xfb, 0x0, 0x0, 0xc, 0xff, 0x80, 0xb, 0xff,
    0x80, 0x0, 0x0, 0xef, 0xf6, 0x0, 0xef, 0xf5,
    0x0, 0x0, 0x8f, 0xff, 0x20, 0x2f, 0xff, 0xa9,
    0x9a, 0xdf, 0xff, 0x80, 0x5, 0xff, 0xff, 0xff,
    0xff, 0xff, 0x80, 0x0, 0x8f, 0xff, 0xff, 0xff,
    0xfd, 0x20, 0x0, 0xb, 0xff, 0x80, 0x5, 0xff,
    0xf1, 0x0, 0x0, 0xef, 0xf5, 0x0, 0xc, 0xff,
    0x90, 0x0, 0x1f, 0xff, 0x20, 0x0, 0x4f, 0xff,
    0x20, 0x5, 0xff, 0xf0, 0x0, 0x0, 0xbf, 0xfb,
    0x0,

    /* U+0053 "S" */
    0x0, 0x0, 0x4, 0xad, 0xff, 0xeb, 0x71, 0x0,
    0x0, 0xbf, 0xff, 0xff, 0xff, 0xfc, 0x0, 0xa,
    0xff, 0xfd, 0xaa, 0xcf, 0xf5, 0x0, 0x1f, 0xff,
    0x60, 0x0, 0x1, 0x70, 0x0, 0x3f, 0xff, 0x10,
    0x0, 0x0, 0x0, 0x0, 0x1f, 0xff, 0xd6, 0x20,
    0x0, 0x0, 0x0, 0x8, 0xff, 0xff, 0xfd, 0x70,
    0x0, 0x0, 0x0, 0x4b, 0xff, 0xff, 0xfe, 0x20,
    0x0, 0x0, 0x0, 0x15, 0xaf, 0xff, 0xb0, 0x0,
    0x0, 0x0, 0x0, 0x7, 0xff, 0xe0, 0x2, 0xc4,
    0x0, 0x0, 0xa, 0xff, 0xb0, 0xa, 0xff, 0xeb,
    0xaa, 0xef, 0xff, 0x40, 0xc, 0xff, 0xff, 0xff,
    0xff, 0xf6, 0x0, 0x0, 0x49, 0xdf, 0xfe, 0xc8,
    0x20, 0x0,

    /* U+0054 "T" */
    0x4f, 0xff, 0xff, 0xff, 0xff, 0xff, 0xe8, 0xff,
    0xff, 0xff, 0xff, 0xff, 0xfb, 0x7a, 0xaa, 0xcf,
    0xff, 0xaa, 0xaa, 0x50, 0x0, 0x6, 0xff, 0xd0,
    0x0, 0x0, 0x0, 0x0, 0xaf, 0xfa, 0x0, 0x0,
    0x0, 0x0, 0xd, 0xff, 0x60, 0x0, 0x0, 0x0,
    0x0, 0xff, 0xf3, 0x0, 0x0, 0x0, 0x0, 0x3f,
    0xff, 0x0, 0x0, 0x0, 0x0, 0x6, 0xff, 0xd0,
    0x0, 0x0, 0x0, 0x0, 0xaf, 0xf9, 0x0, 0x0,
    0x0, 0x0, 0xd, 0xff, 0x60, 0x0, 0x0, 0x0,
    0x0, 0xff, 0xf3, 0x0, 0x0, 0x0, 0x0, 0x3f,
    0xff, 0x0, 0x0, 0x0, 0x0, 0x6, 0xff, 0xd0,
    0x0, 0x0, 0x0,

    /* U+0055 "U" */
    0x0, 0xff, 0xf3, 0x0, 0x0, 0x8, 0xff, 0xa0,
    0x3f, 0xff, 0x0, 0x0, 0x0, 0xbf, 0xf7, 0x6,
    0xff, 0xd0, 0x0, 0x0, 0xf, 0xff, 0x40, 0xaf,
    0xf9, 0x0, 0x0, 0x2, 0xff, 0xf0, 0xd, 0xff,
    0x60, 0x0, 0x0, 0x5f, 0xfd, 0x0, 0xff, 0xf3,
    0x0, 0x0, 0x9, 0xff, 0xa0, 0x3f, 0xff, 0x0,
    0x0, 0x0, 0xcf, 0xf6, 0x7, 0xff, 0xc0, 0x0,
    0x0, 0xf, 0xff, 0x30, 0x8f, 0xfa, 0x0, 0x0,
    0x4, 0xff, 0xf0, 0x9, 0xff, 0xb0, 0x0, 0x0,
    0xaf, 0xfa, 0x0, 0x6f, 0xff, 0x50, 0x0, 0x8f,
    0xff, 0x30, 0x1, 0xff, 0xff, 0xec, 0xff, 0xff,
    0x90, 0x0, 0x5, 0xff, 0xff, 0xff, 0xff, 0xa0,
    0x0, 0x0, 0x2, 0x9d, 0xff, 0xda, 0x40, 0x0,
    0x0,

    /* U+0056 "V" */
    0x5f, 0xff, 0x0, 0x0, 0x0, 0x0, 0xdf, 0xf8,
    0x1f, 0xff, 0x30, 0x0, 0x0, 0x7, 0xff, 0xd0,
    0xe, 0xff, 0x70, 0x0, 0x0, 0x2f, 0xff, 0x40,
    0xa, 0xff, 0xa0, 0x0, 0x0, 0xbf, 0xfa, 0x0,
    0x6, 0xff, 0xe0, 0x0, 0x6, 0xff, 0xe1, 0x0,
    0x2, 0xff, 0xf1, 0x0, 0x1e, 0xff, 0x50, 0x0,
    0x0, 0xff, 0xf5, 0x0, 0xaf, 0xfb, 0x0, 0x0,
    0x0, 0xbf, 0xf9, 0x4, 0xff, 0xf2, 0x0, 0x0,
    0x0, 0x7f, 0xfc, 0xd, 0xff, 0x70, 0x0, 0x0,
    0x0, 0x4f, 0xff, 0x9f, 0xfd, 0x0, 0x0, 0x0,
    0x0, 0xf, 0xff, 0xff, 0xf3, 0x0, 0x0, 0x0,
    0x0, 0xc, 0xff, 0xff, 0x90, 0x0, 0x0, 0x0,
    0x0, 0x8, 0xff, 0xfe, 0x0, 0x0, 0x0, 0x0,
    0x0, 0x5, 0xff, 0xf4, 0x0, 0x0, 0x0, 0x0,

    /* U+0057 "W" */
    0xf, 0xff, 0x40, 0x0, 0x0, 0x9f, 0xfc, 0x0,
    0x0, 0x1, 0xff, 0xf2, 0xd, 0xff, 0x60, 0x0,
    0x1, 0xff, 0xfe, 0x0, 0x0, 0x9, 0xff, 0x90,
    0xb, 0xff, 0x80, 0x0, 0xa, 0xff, 0xff, 0x0,
    0x0, 0x2f, 0xff, 0x10, 0x9, 0xff, 0xa0, 0x0,
    0x2f, 0xff, 0xff, 0x10, 0x0, 0xaf, 0xf8, 0x0,
    0x7, 0xff, 0xc0, 0x0, 0xbf, 0xff, 0xff, 0x30,
    0x3, 0xff, 0xf1, 0x0, 0x4, 0xff, 0xe0, 0x3,
    0xff, 0xd9, 0xff, 0x50, 0xb, 0xff, 0x70, 0x0,
    0x2, 0xff, 0xf0, 0xc, 0xff, 0x47, 0xff, 0x70,
    0x4f, 0xfe, 0x0, 0x0, 0x0, 0xff, 0xf2, 0x4f,
    0xfc, 0x5, 0xff, 0x90, 0xcf, 0xf6, 0x0, 0x0,
    0x0, 0xef, 0xf4, 0xdf, 0xf3, 0x3, 0xff, 0xb5,
    0xff, 0xe0, 0x0, 0x0, 0x0, 0xcf, 0xfc, 0xff,
    0xa0, 0x0, 0xff, 0xdd, 0xff, 0x60, 0x0, 0x0,
    0x0, 0xaf, 0xff, 0xff, 0x20, 0x0, 0xef, 0xff,
    0xfd, 0x0, 0x0, 0x0, 0x0, 0x8f, 0xff, 0xf9,
    0x0, 0x0, 0xcf, 0xff, 0xf5, 0x0, 0x0, 0x0,
    0x0, 0x6f, 0xff, 0xf1, 0x0, 0x0, 0xaf, 0xff,
    0xc0, 0x0, 0x0, 0x0, 0x0, 0x4f, 0xff, 0x80,
    0x0, 0x0, 0x8f, 0xff, 0x40, 0x0, 0x0, 0x0,

    /* U+0058 "X" */
    0x0, 0xa, 0xff, 0xc0, 0x0, 0x0, 0x8f, 0xff,
    0x30, 0x0, 0x2f, 0xff, 0x50, 0x0, 0x6f, 0xff,
    0x40, 0x0, 0x0, 0x9f, 0xfd, 0x0, 0x4f, 0xff,
    0x50, 0x0, 0x0, 0x1, 0xff, 0xf6, 0x3f, 0xff,
    0x60, 0x0, 0x0, 0x0, 0x8, 0xff, 0xee, 0xff,
    0x80, 0x0, 0x0, 0x0, 0x0, 0xe, 0xff, 0xff,
    0x90, 0x0, 0x0, 0x0, 0x0, 0x0, 0x7f, 0xff,
    0xa0, 0x0, 0x0, 0x0, 0x0, 0x0, 0x1e, 0xff,
    0xf8, 0x0, 0x0, 0x0, 0x0, 0x0, 0x1d, 0xff,
    0xff, 0xf2, 0x0, 0x0, 0x0, 0x0, 0xc, 0xff,
    0xdc, 0xff, 0xa0, 0x0, 0x0, 0x0, 0xb, 0xff,
    0xe1, 0x3f, 0xff, 0x30, 0x0, 0x0, 0xa, 0xff,
    0xe2, 0x0, 0xbf, 0xfb, 0x0, 0x0, 0x9, 0xff,
    0xf3, 0x0, 0x3, 0xff, 0xf4, 0x0, 0x8, 0xff,
    0xf5, 0x0, 0x0, 0xa, 0xff, 0xc0, 0x0,

    /* U+0059 "Y" */
    0x2f, 0xff, 0x10, 0x0, 0x0, 0x1e, 0xff, 0x50,
    0xcf, 0xf7, 0x0, 0x0, 0xc, 0xff, 0x80, 0x5,
    0xff, 0xd0, 0x0, 0x9, 0xff, 0xb0, 0x0, 0xe,
    0xff, 0x40, 0x6, 0xff, 0xd1, 0x0, 0x0, 0x9f,
    0xfa, 0x3, 0xff, 0xf3, 0x0, 0x0, 0x2, 0xff,
    0xf3, 0xef, 0xf5, 0x0, 0x0, 0x0, 0xc, 0xff,
    0xff, 0xf8, 0x0, 0x0, 0x0, 0x0, 0x5f, 0xff,
    0xfb, 0x0, 0x0, 0x0, 0x0, 0x0, 0xef, 0xfe,
    0x10, 0x0, 0x0, 0x0, 0x0, 0xd, 0xff, 0x60,
    0x0, 0x0, 0x0, 0x0, 0x0, 0xff, 0xf3, 0x0,
    0x0, 0x0, 0x0, 0x0, 0x4f, 0xff, 0x0, 0x0,
    0x0, 0x0, 0x0, 0x7, 0xff, 0xc0, 0x0, 0x0,
    0x0, 0x0, 0x0, 0xaf, 0xf9, 0x0, 0x0, 0x0,
    0x0,

    /* U+005A "Z" */
    0x0, 0x6, 0xff, 0xff, 0xff, 0xff, 0xff, 0xf5,
    0x0, 0x9, 0xff, 0xff, 0xff, 0xff, 0xff, 0xf2,
    0x0, 0x8, 0xaa, 0xaa, 0xaa, 0xef, 0xff, 0x90,
    0x0, 0x0, 0x0, 0x0, 0x5, 0xff, 0xf9, 0x0,
    0x0, 0x0, 0x0, 0x0, 0x6f, 0xff, 0x80, 0x0,
    0x0, 0x0, 0x0, 0x6, 0xff, 0xf8, 0x0, 0x0,
    0x0, 0x0, 0x0, 0x6f, 0xff, 0x80, 0x0, 0x0,
    0x0, 0x0, 0x6, 0xff, 0xf8, 0x0, 0x0, 0x0,
    0x0, 0x0, 0x7f, 0xff, 0x70, 0x0, 0x0, 0x0,
    0x0, 0x7, 0xff, 0xf7, 0x0, 0x0, 0x0, 0x0,
    0x0, 0x7f, 0xff, 0x70, 0x0, 0x0, 0x0, 0x0,
    0x8, 0xff, 0xfe, 0xaa, 0xaa, 0xaa, 0xa3, 0x0,
    0xf, 0xff, 0xff, 0xff, 0xff, 0xff, 0xf3, 0x0,
    0x3f, 0xff, 0xff, 0xff, 0xff, 0xff, 0xf0, 0x0,

    /* U+005B "[" */
    0x0, 0x0, 0x9f, 0xff, 0xfd, 0x0, 0x0, 0xcf,
    0xff, 0xfa, 0x0, 0x0, 0xff, 0xf8, 0x73, 0x0,
    0x2, 0xff, 0xf0, 0x0, 0x0, 0x5, 0xff, 0xc0,
    0x0, 0x0, 0x9, 0xff, 0x90, 0x0, 0x0, 0xc,
    0xff, 0x60, 0x0, 0x0, 0xf, 0xff, 0x30, 0x0,
    0x0, 0x2f, 0xff, 0x0, 0x0, 0x0, 0x5f, 0xfc,
    0x0, 0x0, 0x0, 0x8f, 0xf9, 0x0, 0x0, 0x0,
    0xbf, 0xf6, 0x0, 0x0, 0x0, 0xef, 0xf3, 0x0,
    0x0, 0x2, 0xff, 0xf0, 0x0, 0x0, 0x5, 0xff,
    0xd0, 0x0, 0x0, 0x8, 0xff, 0x90, 0x0, 0x0,
    0xb, 0xff, 0xb7, 0x40, 0x0, 0xe, 0xff, 0xff,
    0x80, 0x0, 0x1f, 0xff, 0xff, 0x50, 0x0,

    /* U+005C "\\" */
    0x8f, 0xf2, 0x0, 0x5, 0xff, 0x50, 0x0, 0x3f,
    0xf7, 0x0, 0x0, 0xff, 0xa0, 0x0, 0xe, 0xfc,
    0x0, 0x0, 0xbf, 0xf0, 0x0, 0x9, 0xff, 0x10,
    0x0, 0x6f, 0xf4, 0x0, 0x4, 0xff, 0x60, 0x0,
    0x1f, 0xf9, 0x0, 0x0, 0xff, 0xb0, 0x0, 0xc,
    0xfe, 0x0, 0x0, 0xaf, 0xf0, 0x0, 0x7, 0xff,
    0x30, 0x0, 0x5f, 0xf5, 0x0, 0x2, 0xff, 0x80,
    0x0, 0xf, 0xfa, 0x0, 0x0, 0xef, 0xd0, 0x0,
    0xb, 0xff, 0x0,

    /* U+005D "]" */
    0x0, 0x0, 0xef, 0xff, 0xf8, 0x0, 0x1, 0xff,
    0xff, 0xf5, 0x0, 0x1, 0x78, 0xff, 0xf2, 0x0,
    0x0, 0x3, 0xff, 0xe0, 0x0, 0x0, 0x6, 0xff,
    0xb0, 0x0, 0x0, 0x9, 0xff, 0x80, 0x0, 0x0,
    0xc, 0xff, 0x50, 0x0, 0x0, 0xf, 0xff, 0x20,
    0x0, 0x0, 0x3f, 0xff, 0x0, 0x0, 0x0, 0x6f,
    0xfb, 0x0, 0x0, 0x0, 0x9f, 0xf8, 0x0, 0x0,
    0x0, 0xcf, 0xf5, 0x0, 0x0, 0x0, 0xff, 0xf2,
    0x0, 0x0, 0x2, 0xff, 0xf0, 0x0, 0x0, 0x5,
    0xff, 0xc0, 0x0, 0x0, 0x9, 0xff, 0x90, 0x0,
    0x7, 0x7d, 0xff, 0x50, 0x0, 0x3f, 0xff, 0xff,
    0x20, 0x0, 0x6f, 0xff, 0xff, 0x0, 0x0,

    /* U+005E "^" */
    0x0, 0x0, 0x1, 0x66, 0x30, 0x0, 0x0, 0x0,
    0xaf, 0xf9, 0x0, 0x0, 0x0, 0x4f, 0xff, 0xd0,
    0x0, 0x0, 0xd, 0xf9, 0xff, 0x10, 0x0, 0x8,
    0xfd, 0xe, 0xf4, 0x0, 0x2, 0xff, 0x40, 0xaf,
    0x80, 0x0, 0xcf, 0xa0, 0x7, 0xfc, 0x0, 0x6f,
    0xf1, 0x0, 0x3f, 0xf0, 0x1f, 0xf7, 0x0, 0x0,
    0xff, 0x30,

    /* U+005F "_" */
    0x2d, 0xdd, 0xdd, 0xdd, 0xdd, 0xa5, 0xff, 0xff,
    0xff, 0xff, 0xfa,

    /* U+0060 "`" */
    0xb, 0xee, 0x50, 0x0, 0x1c, 0xfe, 0x10, 0x0,
    0xb, 0xfc, 0x0,

    /* U+0061 "a" */
    0x0, 0x2, 0x9d, 0xfe, 0x91, 0xcf, 0xf5, 0x0,
    0x5f, 0xff, 0xff, 0xfd, 0xff, 0xf2, 0x3, 0xff,
    0xfe, 0xaa, 0xff, 0xff, 0xf0, 0xc, 0xff, 0xb0,
    0x0, 0x2f, 0xff, 0xc0, 0x2f, 0xff, 0x10, 0x0,
    0xb, 0xff, 0x80, 0x5f, 0xfc, 0x0, 0x0, 0xb,
    0xff, 0x50, 0x5f, 0xfc, 0x0, 0x0, 0xe, 0xff,
    0x20, 0x3f, 0xff, 0x30, 0x0, 0xaf, 0xff, 0x0,
    0xd, 0xff, 0xfb, 0xae, 0xff, 0xfc, 0x0, 0x3,
    0xff, 0xff, 0xff, 0xff, 0xf9, 0x0, 0x0, 0x2a,
    0xef, 0xd6, 0x9f, 0xf6, 0x0,

    /* U+0062 "b" */
    0x0, 0xc, 0xff, 0x50, 0x0, 0x0, 0x0, 0x0,
    0xf, 0xff, 0x20, 0x0, 0x0, 0x0, 0x0, 0x2f,
    0xff, 0x0, 0x0, 0x0, 0x0, 0x0, 0x5f, 0xfc,
    0x0, 0x0, 0x0, 0x0, 0x0, 0x8f, 0xf9, 0x7d,
    0xfe, 0x91, 0x0, 0x0, 0xbf, 0xff, 0xff, 0xff,
    0xfe, 0x10, 0x0, 0xff, 0xff, 0xda, 0xcf, 0xff,
    0xb0, 0x2, 0xff, 0xf7, 0x0, 0x6, 0xff, 0xf0,
    0x5, 0xff, 0xc0, 0x0, 0x0, 0xff, 0xf2, 0x8,
    0xff, 0x80, 0x0, 0x0, 0xff, 0xf2, 0xb, 0xff,
    0x80, 0x0, 0x4, 0xff, 0xf0, 0xe, 0xff, 0xd1,
    0x0, 0x1d, 0xff, 0x90, 0x2f, 0xff, 0xfe, 0xaa,
    0xff, 0xfe, 0x10, 0x5f, 0xfb, 0xff, 0xff, 0xff,
    0xe3, 0x0, 0x8f, 0xf6, 0x3b, 0xef, 0xd8, 0x10,
    0x0,

    /* U+0063 "c" */
    0x0, 0x1, 0x7c, 0xef, 0xd8, 0x10, 0x0, 0x4e,
    0xff, 0xff, 0xff, 0xe2, 0x2, 0xff, 0xfe, 0xaa,
    0xff, 0xfb, 0xc, 0xff, 0xb0, 0x0, 0x2d, 0x70,
    0x2f, 0xff, 0x10, 0x0, 0x0, 0x0, 0x5f, 0xfc,
    0x0, 0x0, 0x0, 0x0, 0x6f, 0xfc, 0x0, 0x0,
    0x0, 0x0, 0x3f, 0xff, 0x40, 0x0, 0x99, 0x10,
    0xd, 0xff, 0xfb, 0xad, 0xff, 0xd0, 0x2, 0xef,
    0xff, 0xff, 0xfe, 0x40, 0x0, 0x18, 0xdf, 0xfd,
    0x81, 0x0,

    /* U+0064 "d" */
    0x0, 0x0, 0x0, 0x0, 0x0, 0x1, 0x11, 0x0,
    0x0, 0x0, 0x0, 0x0, 0x0, 0xff, 0xf2, 0x0,
    0x0, 0x0, 0x0, 0x0, 0x2f, 0xff, 0x0, 0x0,
    0x0, 0x0, 0x0, 0x5, 0xff, 0xc0, 0x0, 0x0,
    0x0, 0x0, 0x0, 0x8f, 0xf9, 0x0, 0x0, 0x29,
    0xdf, 0xea, 0x1b, 0xff, 0x50, 0x0, 0x5f, 0xff,
    0xff, 0xfe, 0xef, 0xf2, 0x0, 0x3f, 0xff, 0xea,
    0xaf, 0xff, 0xff, 0x0, 0xc, 0xff, 0xb0, 0x0,
    0x2f, 0xff, 0xc0, 0x1, 0xff, 0xf1, 0x0, 0x0,
    0xaf, 0xf9, 0x0, 0x4f, 0xfd, 0x0, 0x0, 0xa,
    0xff, 0x60, 0x5, 0xff, 0xd0, 0x0, 0x0, 0xef,
    0xf3, 0x0, 0x3f, 0xff, 0x40, 0x0, 0x9f, 0xff,
    0x0, 0x0, 0xdf, 0xff, 0xba, 0xdf, 0xff, 0xc0,
    0x0, 0x3, 0xff, 0xff, 0xff, 0xff, 0xf9, 0x0,
    0x0, 0x2, 0xae, 0xfd, 0x79, 0xff, 0x60, 0x0,

    /* U+0065 "e" */
    0x0, 0x1, 0x8d, 0xff, 0xc7, 0x0, 0x0, 0x4,
    0xef, 0xff, 0xff, 0xfd, 0x10, 0x3, 0xff, 0xf9,
    0x67, 0xdf, 0xf9, 0x0, 0xcf, 0xf4, 0x0, 0x0,
    0xff, 0xe0, 0x2f, 0xff, 0xdd, 0xdd, 0xdf, 0xff,
    0x5, 0xff, 0xff, 0xff, 0xff, 0xff, 0xf0, 0x5f,
    0xfb, 0x0, 0x0, 0x0, 0x0, 0x3, 0xff, 0xf3,
    0x0, 0x1, 0x40, 0x0, 0xd, 0xff, 0xfa, 0x8a,
    0xfe, 0x0, 0x0, 0x2e, 0xff, 0xff, 0xff, 0xf5,
    0x0, 0x0, 0x18, 0xdf, 0xfd, 0xa3, 0x0, 0x0,

    /* U+0066 "f" */
    0x0, 0x0, 0x19, 0xdf, 0xea, 0x0, 0x0, 0x1e,
    0xff, 0xff, 0xa0, 0x0, 0xa, 0xff, 0xd8, 0x91,
    0x0, 0x0, 0xff, 0xf1, 0x0, 0x0, 0xe, 0xff,
    0xff, 0xff, 0x80, 0x1, 0xff, 0xff, 0xff, 0xf5,
    0x0, 0x16, 0xdf, 0xfa, 0x66, 0x10, 0x0, 0xd,
    0xff, 0x40, 0x0, 0x0, 0x0, 0xff, 0xf1, 0x0,
    0x0, 0x0, 0x3f, 0xfe, 0x0, 0x0, 0x0, 0x6,
    0xff, 0xb0, 0x0, 0x0, 0x0, 0x9f, 0xf8, 0x0,
    0x0, 0x0, 0xc, 0xff, 0x50, 0x0, 0x0, 0x0,
    0xff, 0xf2, 0x0, 0x0, 0x0, 0x2f, 0xff, 0x0,
    0x0, 0x0, 0x0,

    /* U+0067 "g" */
    0x0, 0x0, 0x29, 0xdf, 0xea, 0x27, 0xff, 0x80,
    0x0, 0x5f, 0xff, 0xff, 0xfe, 0xbf, 0xf5, 0x0,
    0x3f, 0xff, 0xea, 0xaf, 0xff, 0xff, 0x20, 0xc,
    0xff, 0xb1, 0x0, 0x2f, 0xff, 0xe0, 0x2, 0xff,
    0xf1, 0x0, 0x0, 0xaf, 0xfb, 0x0, 0x4f, 0xfd,
    0x0, 0x0, 0xb, 0xff, 0x80, 0x4, 0xff, 0xe0,
    0x0, 0x2, 0xff, 0xf5, 0x0, 0x1f, 0xff, 0x91,
    0x4, 0xdf, 0xff, 0x20, 0x0, 0xaf, 0xff, 0xff,
    0xff, 0xff, 0xf0, 0x0, 0x0, 0xaf, 0xff, 0xff,
    0xcf, 0xfb, 0x0, 0x0, 0x0, 0x37, 0x87, 0x29,
    0xff, 0x70, 0x0, 0x6, 0x0, 0x0, 0x4, 0xff,
    0xf1, 0x0, 0x6, 0xff, 0xb9, 0x9b, 0xff, 0xf7,
    0x0, 0x0, 0xdf, 0xff, 0xff, 0xff, 0xf9, 0x0,
    0x0, 0x0, 0x6b, 0xef, 0xfd, 0xa3, 0x0, 0x0,
    0x0,

    /* U+0068 "h" */
    0x0, 0xb, 0xff, 0x50, 0x0, 0x0, 0x0, 0x0,
    0xff, 0xf2, 0x0, 0x0, 0x0, 0x0, 0x2f, 0xff,
    0x0, 0x0, 0x0, 0x0, 0x5, 0xff, 0xc0, 0x0,
    0x0, 0x0, 0x0, 0x8f, 0xf9, 0x7d, 0xfe, 0xa2,
    0x0, 0xb, 0xff, 0xff, 0xff, 0xff, 0xe1, 0x0,
    0xef, 0xff, 0xec, 0xef, 0xff, 0x70, 0x2f, 0xff,
    0xa0, 0x0, 0xcf, 0xfa, 0x5, 0xff, 0xe0, 0x0,
    0x9, 0xff, 0x90, 0x8f, 0xf9, 0x0, 0x0, 0xaf,
    0xf7, 0xb, 0xff, 0x60, 0x0, 0xd, 0xff, 0x40,
    0xef, 0xf2, 0x0, 0x1, 0xff, 0xf1, 0x2f, 0xff,
    0x0, 0x0, 0x4f, 0xfd, 0x5, 0xff, 0xc0, 0x0,
    0x7, 0xff, 0xa0, 0x8f, 0xf9, 0x0, 0x0, 0xaf,
    0xf7, 0x0,

    /* U+0069 "i" */
    0x0, 0x8, 0xfd, 0x30, 0x2, 0xff, 0xfa, 0x0,
    0x1f, 0xff, 0x60, 0x0, 0x27, 0x40, 0x0, 0x0,
    0x0, 0x0, 0x9, 0xff, 0x80, 0x0, 0xcf, 0xf5,
    0x0, 0xf, 0xff, 0x20, 0x2, 0xff, 0xf0, 0x0,
    0x5f, 0xfb, 0x0, 0x8, 0xff, 0x80, 0x0, 0xcf,
    0xf5, 0x0, 0xf, 0xff, 0x20, 0x2, 0xff, 0xf0,
    0x0, 0x5f, 0xfc, 0x0, 0x8, 0xff, 0x90, 0x0,

    /* U+006A "j" */
    0x0, 0x0, 0x0, 0x6, 0xee, 0x40, 0x0, 0x0,
    0x0, 0xff, 0xfb, 0x0, 0x0, 0x0, 0xe, 0xff,
    0x80, 0x0, 0x0, 0x0, 0x27, 0x50, 0x0, 0x0,
    0x0, 0x0, 0x0, 0x0, 0x0, 0x0, 0x7, 0xff,
    0xa0, 0x0, 0x0, 0x0, 0xaf, 0xf7, 0x0, 0x0,
    0x0, 0xd, 0xff, 0x40, 0x0, 0x0, 0x0, 0xff,
    0xf1, 0x0, 0x0, 0x0, 0x4f, 0xfd, 0x0, 0x0,
    0x0, 0x7, 0xff, 0xa0, 0x0, 0x0, 0x0, 0xaf,
    0xf7, 0x0, 0x0, 0x0, 0xd, 0xff, 0x40, 0x0,
    0x0, 0x0, 0xff, 0xf1, 0x0, 0x0, 0x0, 0x3f,
    0xfe, 0x0, 0x0, 0x0, 0x6, 0xff, 0xa0, 0x0,
    0x0, 0x0, 0xbf, 0xf7, 0x0, 0x0, 0x78, 0xaf,
    0xff, 0x10, 0x0, 0x2f, 0xff, 0xff, 0x70, 0x0,
    0x4, 0xcf, 0xfc, 0x50, 0x0, 0x0,

    /* U+006B "k" */
    0x0, 0xb, 0xff, 0x50, 0x0, 0x0, 0x0, 0x0,
    0x0, 0xff, 0xf2, 0x0, 0x0, 0x0, 0x0, 0x0,
    0x2f, 0xff, 0x0, 0x0, 0x0, 0x0, 0x0, 0x5,
    0xff, 0xc0, 0x0, 0x0, 0x0, 0x0, 0x0, 0x8f,
    0xf8, 0x0, 0x9, 0xff, 0xf7, 0x0, 0xb, 0xff,
    0x50, 0x1c, 0xff, 0xf4, 0x0, 0x0, 0xef, 0xf2,
    0x2d, 0xff, 0xe3, 0x0, 0x0, 0x2f, 0xff, 0x4f,
    0xff, 0xc1, 0x0, 0x0, 0x5, 0xff, 0xff, 0xff,
    0xb0, 0x0, 0x0, 0x0, 0x8f, 0xff, 0xff, 0xfd,
    0x0, 0x0, 0x0, 0xb, 0xff, 0xff, 0xff, 0xf6,
    0x0, 0x0, 0x0, 0xef, 0xfd, 0x29, 0xff, 0xe1,
    0x0, 0x0, 0x2f, 0xff, 0x10, 0x1e, 0xff, 0x90,
    0x0, 0x5, 0xff, 0xc0, 0x0, 0x6f, 0xff, 0x30,
    0x0, 0x8f, 0xf9, 0x0, 0x0, 0xcf, 0xfc, 0x0,
    0x0,

    /* U+006C "l" */
    0x0, 0xb, 0xff, 0x50, 0x0, 0xff, 0xf2, 0x0,
    0x2f, 0xff, 0x0, 0x5, 0xff, 0xc0, 0x0, 0x8f,
    0xf9, 0x0, 0xb, 0xff, 0x60, 0x0, 0xef, 0xf2,
    0x0, 0x2f, 0xff, 0x0, 0x5, 0xff, 0xc0, 0x0,
    0x8f, 0xf9, 0x0, 0xb, 0xff, 0x60, 0x0, 0xef,
    0xf3, 0x0, 0x2f, 0xff, 0x0, 0x5, 0xff, 0xc0,
    0x0, 0x8f, 0xf9, 0x0, 0x0,

    /* U+006D "m" */
    0x0, 0x9f, 0xf7, 0x8d, 0xfe, 0x80, 0x6, 0xcf,
    0xfb, 0x40, 0x0, 0xc, 0xff, 0xff, 0xff, 0xff,
    0xbb, 0xff, 0xff, 0xff, 0x30, 0x0, 0xff, 0xff,
    0xec, 0xff, 0xff, 0xff, 0xcd, 0xff, 0xfa, 0x0,
    0x2f, 0xff, 0x90, 0x2, 0xff, 0xfe, 0x20, 0xa,
    0xff, 0xd0, 0x5, 0xff, 0xe0, 0x0, 0xe, 0xff,
    0x60, 0x0, 0x6f, 0xfc, 0x0, 0x8f, 0xf9, 0x0,
    0x0, 0xff, 0xf1, 0x0, 0x7, 0xff, 0x90, 0xc,
    0xff, 0x60, 0x0, 0x3f, 0xfe, 0x0, 0x0, 0xbf,
    0xf6, 0x0, 0xff, 0xf2, 0x0, 0x6, 0xff, 0xb0,
    0x0, 0xe, 0xff, 0x30, 0x2f, 0xff, 0x0, 0x0,
    0x9f, 0xf8, 0x0, 0x1, 0xff, 0xf0, 0x5, 0xff,
    0xc0, 0x0, 0xc, 0xff, 0x50, 0x0, 0x4f, 0xfd,
    0x0, 0x8f, 0xf9, 0x0, 0x0, 0xff, 0xf1, 0x0,
    0x7, 0xff, 0xa0, 0x0,

    /* U+006E "n" */
    0x0, 0x9f, 0xf6, 0x7d, 0xfe, 0xa2, 0x0, 0xc,
    0xff, 0xff, 0xff, 0xff, 0xe1, 0x0, 0xff, 0xff,
    0xec, 0xef, 0xff, 0x70, 0x2f, 0xff, 0xa0, 0x0,
    0xcf, 0xfa, 0x5, 0xff, 0xe0, 0x0, 0x9, 0xff,
    0x90, 0x8f, 0xf9, 0x0, 0x0, 0xaf, 0xf7, 0xc,
    0xff, 0x60, 0x0, 0xd, 0xff, 0x40, 0xff, 0xf2,
    0x0, 0x1, 0xff, 0xf1, 0x2f, 0xff, 0x0, 0x0,
    0x4f, 0xfd, 0x5, 0xff, 0xc0, 0x0, 0x7, 0xff,
    0xa0, 0x8f, 0xf9, 0x0, 0x0, 0xaf, 0xf7, 0x0,

    /* U+006F "o" */
    0x0, 0x1, 0x7c, 0xef, 0xd8, 0x10, 0x0, 0x4,
    0xef, 0xff, 0xff, 0xfe, 0x30, 0x2, 0xff, 0xfe,
    0xaa, 0xff, 0xfe, 0x0, 0xcf, 0xfb, 0x0, 0x2,
    0xff, 0xf4, 0x2f, 0xff, 0x10, 0x0, 0xb, 0xff,
    0x75, 0xff, 0xc0, 0x0, 0x0, 0xbf, 0xf6, 0x6f,
    0xfc, 0x0, 0x0, 0xf, 0xff, 0x33, 0xff, 0xf3,
    0x0, 0xa, 0xff, 0xd0, 0xd, 0xff, 0xfa, 0x9d,
    0xff, 0xf4, 0x0, 0x2e, 0xff, 0xff, 0xff, 0xf5,
    0x0, 0x0, 0x18, 0xdf, 0xfd, 0x81, 0x0, 0x0,

    /* U+0070 "p" */
    0x0, 0x9, 0xff, 0x79, 0xef, 0xe9, 0x10, 0x0,
    0x0, 0xcf, 0xff, 0xff, 0xff, 0xfe, 0x10, 0x0,
    0xf, 0xff, 0xfa, 0x79, 0xff, 0xfb, 0x0, 0x2,
    0xff, 0xf5, 0x0, 0x5, 0xff, 0xf0, 0x0, 0x5f,
    0xfb, 0x0, 0x0, 0xf, 0xff, 0x20, 0x8, 0xff,
    0x80, 0x0, 0x0, 0xff, 0xf2, 0x0, 0xcf, 0xf8,
    0x0, 0x0, 0x4f, 0xff, 0x0, 0xf, 0xff, 0xe1,
    0x0, 0x1d, 0xff, 0x90, 0x2, 0xff, 0xff, 0xea,
    0xaf, 0xff, 0xe1, 0x0, 0x5f, 0xfd, 0xff, 0xff,
    0xff, 0xe3, 0x0, 0x8, 0xff, 0x93, 0xbe, 0xfd,
    0x81, 0x0, 0x0, 0xbf, 0xf6, 0x0, 0x0, 0x0,
    0x0, 0x0, 0xe, 0xff, 0x30, 0x0, 0x0, 0x0,
    0x0, 0x1, 0xff, 0xf0, 0x0, 0x0, 0x0, 0x0,
    0x0, 0x4f, 0xfd, 0x0, 0x0, 0x0, 0x0, 0x0,
    0x0,

    /* U+0071 "q" */
    0x0, 0x2, 0x9d, 0xfe, 0x91, 0xaf, 0xf5, 0x0,
    0x5f, 0xff, 0xff, 0xfd, 0xdf, 0xf2, 0x3, 0xff,
    0xfe, 0xaa, 0xff, 0xff, 0xf0, 0xc, 0xff, 0xb0,
    0x0, 0x2f, 0xff, 0xc0, 0x2f, 0xff, 0x10, 0x0,
    0xb, 0xff, 0x80, 0x5f, 0xfc, 0x0, 0x0, 0xb,
    0xff, 0x50, 0x5f, 0xfc, 0x0, 0x0, 0xe, 0xff,
    0x20, 0x3f, 0xff, 0x30, 0x0, 0xaf, 0xff, 0x0,
    0xd, 0xff, 0xfb, 0xae, 0xff, 0xfc, 0x0, 0x3,
    0xff, 0xff, 0xff, 0xff, 0xf9, 0x0, 0x0, 0x2a,
    0xef, 0xd7, 0xcf, 0xf6, 0x0, 0x0, 0x0, 0x0,
    0x0, 0xff, 0xf3, 0x0, 0x0, 0x0, 0x0, 0x2,
    0xff, 0xf0, 0x0, 0x0, 0x0, 0x0, 0x5, 0xff,
    0xc0, 0x0, 0x0, 0x0, 0x0, 0x8, 0xff, 0x90,
    0x0,

    /* U+0072 "r" */
    0x0, 0x9f, 0xf7, 0x8d, 0xf2, 0x0, 0xcf, 0xff,
    0xff, 0xe0, 0x0, 0xff, 0xff, 0xfc, 0x80, 0x2,
    0xff, 0xfa, 0x10, 0x0, 0x5, 0xff, 0xe0, 0x0,
    0x0, 0x8, 0xff, 0x90, 0x0, 0x0, 0xc, 0xff,
    0x60, 0x0, 0x0, 0xf, 0xff, 0x20, 0x0, 0x0,
    0x2f, 0xff, 0x0, 0x0, 0x0, 0x5f, 0xfc, 0x0,
    0x0, 0x0, 0x8f, 0xf9, 0x0, 0x0, 0x0,

    /* U+0073 "s" */
    0x0, 0x0, 0x7c, 0xef, 0xec, 0x71, 0x0, 0x2d,
    0xff, 0xff, 0xff, 0xf2, 0x0, 0xaf, 0xfc, 0x66,
    0x8d, 0xa0, 0x0, 0xef, 0xf2, 0x0, 0x0, 0x0,
    0x0, 0xdf, 0xff, 0xa7, 0x20, 0x0, 0x0, 0x3e,
    0xff, 0xff, 0xfb, 0x10, 0x0, 0x0, 0x59, 0xcf,
    0xff, 0x90, 0x1, 0x10, 0x0, 0x6, 0xff, 0xa0,
    0x9, 0xfb, 0x76, 0x7d, 0xff, 0x70, 0x1f, 0xff,
    0xff, 0xff, 0xfb, 0x0, 0x4, 0xad, 0xff, 0xeb,
    0x50, 0x0,

    /* U+0074 "t" */
    0x0, 0x5, 0x88, 0x30, 0x0, 0x0, 0xdf, 0xf4,
    0x0, 0x0, 0xf, 0xff, 0x10, 0x0, 0xef, 0xff,
    0xff, 0xf9, 0x1f, 0xff, 0xff, 0xff, 0x61, 0x6c,
    0xff, 0xb6, 0x61, 0x0, 0xcf, 0xf5, 0x0, 0x0,
    0xf, 0xff, 0x20, 0x0, 0x3, 0xff, 0xe0, 0x0,
    0x0, 0x6f, 0xfb, 0x0, 0x0, 0x8, 0xff, 0x90,
    0x0, 0x0, 0x8f, 0xff, 0x8a, 0x10, 0x3, 0xff,
    0xff, 0xf4, 0x0, 0x4, 0xcf, 0xeb, 0x20,

    /* U+0075 "u" */
    0x0, 0xaf, 0xf7, 0x0, 0x0, 0xdf, 0xf4, 0x0,
    0xdf, 0xf4, 0x0, 0x1, 0xff, 0xf1, 0x0, 0xff,
    0xf1, 0x0, 0x4, 0xff, 0xd0, 0x3, 0xff, 0xe0,
    0x0, 0x7, 0xff, 0xa0, 0x7, 0xff, 0xa0, 0x0,
    0xa, 0xff, 0x70, 0xa, 0xff, 0x70, 0x0, 0xe,
    0xff, 0x40, 0xc, 0xff, 0x60, 0x0, 0x3f, 0xff,
    0x10, 0xd, 0xff, 0x90, 0x1, 0xcf, 0xfe, 0x0,
    0xb, 0xff, 0xfd, 0xcf, 0xff, 0xfb, 0x0, 0x3,
    0xff, 0xff, 0xff, 0xff, 0xf8, 0x0, 0x0, 0x4c,
    0xff, 0xc5, 0xaf, 0xf5, 0x0,

    /* U+0076 "v" */
    0xf, 0xff, 0x10, 0x0, 0x3, 0xff, 0xd0, 0xc,
    0xff, 0x40, 0x0, 0xd, 0xff, 0x40, 0x8, 0xff,
    0x80, 0x0, 0x6f, 0xfa, 0x0, 0x5, 0xff, 0xb0,
    0x1, 0xff, 0xf1, 0x0, 0x1, 0xff, 0xe0, 0xa,
    0xff, 0x70, 0x0, 0x0, 0xef, 0xf2, 0x3f, 0xfd,
    0x0, 0x0, 0x0, 0xaf, 0xf5, 0xdf, 0xf4, 0x0,
    0x0, 0x0, 0x7f, 0xfe, 0xff, 0xa0, 0x0, 0x0,
    0x0, 0x3f, 0xff, 0xff, 0x10, 0x0, 0x0, 0x0,
    0xf, 0xff, 0xf6, 0x0, 0x0, 0x0, 0x0, 0xd,
    0xff, 0xc0, 0x0, 0x0, 0x0,

    /* U+0077 "w" */
    0xdf, 0xf0, 0x0, 0x2, 0xff, 0xd0, 0x0, 0x4,
    0xff, 0xab, 0xff, 0x10, 0x0, 0xbf, 0xff, 0x0,
    0x0, 0xcf, 0xf2, 0x8f, 0xf4, 0x0, 0x4f, 0xff,
    0xf3, 0x0, 0x5f, 0xf9, 0x5, 0xff, 0x60, 0xc,
    0xff, 0xff, 0x50, 0xd, 0xff, 0x10, 0x2f, 0xf9,
    0x5, 0xff, 0xcf, 0xf8, 0x6, 0xff, 0x80, 0x0,
    0xff, 0xc0, 0xdf, 0xe2, 0xff, 0xa0, 0xef, 0xe0,
    0x0, 0xd, 0xfe, 0x7f, 0xf6, 0xe, 0xfd, 0x8f,
    0xf6, 0x0, 0x0, 0xaf, 0xff, 0xfd, 0x0, 0xbf,
    0xff, 0xfd, 0x0, 0x0, 0x7, 0xff, 0xff, 0x50,
    0x8, 0xff, 0xff, 0x50, 0x0, 0x0, 0x5f, 0xff,
    0xc0, 0x0, 0x5f, 0xff, 0xc0, 0x0, 0x0, 0x2,
    0xff, 0xf4, 0x0, 0x2, 0xff, 0xf4, 0x0, 0x0,
    0x0,

    /* U+0078 "x" */
    0x0, 0x4, 0xff, 0xe0, 0x0, 0x2e, 0xff, 0x60,
    0x0, 0xb, 0xff, 0x70, 0x1e, 0xff, 0x60, 0x0,
    0x0, 0x3f, 0xff, 0x2d, 0xff, 0x70, 0x0, 0x0,
    0x0, 0xaf, 0xff, 0xff, 0x80, 0x0, 0x0, 0x0,
    0x2, 0xff, 0xff, 0x90, 0x0, 0x0, 0x0, 0x0,
    0xd, 0xff, 0xd0, 0x0, 0x0, 0x0, 0x0, 0xb,
    0xff, 0xff, 0x30, 0x0, 0x0, 0x0, 0xb, 0xff,
    0xef, 0xfb, 0x0, 0x0, 0x0, 0xa, 0xff, 0xc1,
    0xef, 0xf4, 0x0, 0x0, 0x9, 0xff, 0xd1, 0x6,
    0xff, 0xd0, 0x0, 0x9, 0xff, 0xd1, 0x0, 0xe,
    0xff, 0x60, 0x0,

    /* U+0079 "y" */
    0x0, 0xf, 0xff, 0x20, 0x0, 0x3, 0xff, 0xd0,
    0x0, 0xb, 0xff, 0x50, 0x0, 0xc, 0xff, 0x40,
    0x0, 0x8, 0xff, 0x90, 0x0, 0x6f, 0xfa, 0x0,
    0x0, 0x4, 0xff, 0xc0, 0x1, 0xef, 0xf1, 0x0,
    0x0, 0x1, 0xff, 0xf0, 0x9, 0xff, 0x60, 0x0,
    0x0, 0x0, 0xdf, 0xf3, 0x3f, 0xfc, 0x0, 0x0,
    0x0, 0x0, 0x9f, 0xf6, 0xcf, 0xf3, 0x0, 0x0,
    0x0, 0x0, 0x6f, 0xfe, 0xff, 0x90, 0x0, 0x0,
    0x0, 0x0, 0x2f, 0xff, 0xfe, 0x10, 0x0, 0x0,
    0x0, 0x0, 0xe, 0xff, 0xf5, 0x0, 0x0, 0x0,
    0x0, 0x0, 0xb, 0xff, 0xb0, 0x0, 0x0, 0x0,
    0x0, 0x0, 0x1e, 0xff, 0x20, 0x0, 0x0, 0x0,
    0xc, 0xb9, 0xdf, 0xf7, 0x0, 0x0, 0x0, 0x0,
    0x7f, 0xff, 0xff, 0xa0, 0x0, 0x0, 0x0, 0x0,
    0x4b, 0xef, 0xd6, 0x0, 0x0, 0x0, 0x0, 0x0,

    /* U+007A "z" */
    0x0, 0x2f, 0xff, 0xff, 0xff, 0xff, 0x10, 0x5,
    0xff, 0xff, 0xff, 0xff, 0xe0, 0x0, 0x36, 0x66,
    0x6c, 0xff, 0xf4, 0x0, 0x0, 0x0, 0x7, 0xff,
    0xf4, 0x0, 0x0, 0x0, 0x6, 0xff, 0xf4, 0x0,
    0x0, 0x0, 0x6, 0xff, 0xf4, 0x0, 0x0, 0x0,
    0x6, 0xff, 0xf4, 0x0, 0x0, 0x0, 0x6, 0xff,
    0xf4, 0x0, 0x0, 0x0, 0x6, 0xff, 0xfb, 0x66,
    0x66, 0x40, 0x1, 0xff, 0xff, 0xff, 0xff, 0xf8,
    0x0, 0x4f, 0xff, 0xff, 0xff, 0xff, 0x50, 0x0,

    /* U+007B "{" */
    0x0, 0x0, 0x4, 0xbe, 0xf4, 0x0, 0x0, 0x5f,
    0xff, 0xf1, 0x0, 0x0, 0xdf, 0xfc, 0x70, 0x0,
    0x2, 0xff, 0xf0, 0x0, 0x0, 0x5, 0xff, 0xb0,
    0x0, 0x0, 0x9, 0xff, 0x80, 0x0, 0x0, 0xc,
    0xff, 0x50, 0x0, 0x0, 0xf, 0xff, 0x20, 0x0,
    0x5, 0xbf, 0xfd, 0x0, 0x0, 0xe, 0xff, 0xd2,
    0x0, 0x0, 0x1f, 0xff, 0xf2, 0x0, 0x0, 0x0,
    0xdf, 0xf5, 0x0, 0x0, 0x0, 0xef, 0xf2, 0x0,
    0x0, 0x2, 0xff, 0xf0, 0x0, 0x0, 0x5, 0xff,
    0xc0, 0x0, 0x0, 0x8, 0xff, 0xa0, 0x0, 0x0,
    0x9, 0xff, 0xf8, 0x0, 0x0, 0x5, 0xff, 0xff,
    0x0, 0x0, 0x0, 0x6d, 0xfc, 0x0, 0x0,

    /* U+007C "|" */
    0x0, 0x0, 0x8f, 0xf4, 0x0, 0x0, 0xbf, 0xf1,
    0x0, 0x0, 0xef, 0xe0, 0x0, 0x2, 0xff, 0xb0,
    0x0, 0x5, 0xff, 0x80, 0x0, 0x8, 0xff, 0x50,
    0x0, 0xb, 0xff, 0x10, 0x0, 0xe, 0xfe, 0x0,
    0x0, 0x1f, 0xfb, 0x0, 0x0, 0x5f, 0xf8, 0x0,
    0x0, 0x8f, 0xf5, 0x0, 0x0, 0xbf, 0xf2, 0x0,
    0x0, 0xef, 0xe0, 0x0, 0x1, 0xff, 0xb0, 0x0,
    0x4, 0xff, 0x80, 0x0, 0x7, 0xff, 0x50, 0x0,
    0xb, 0xff, 0x20, 0x0, 0xe, 0xff, 0x0, 0x0,
    0x1f, 0xfc, 0x0, 0x0,

    /* U+007D "}" */
    0x0, 0x0, 0xef, 0xd4, 0x0, 0x0, 0x1, 0xff,
    0xff, 0x20, 0x0, 0x1, 0x9f, 0xff, 0x70, 0x0,
    0x0, 0xc, 0xff, 0x70, 0x0, 0x0, 0xd, 0xff,
    0x40, 0x0, 0x0, 0xf, 0xff, 0x10, 0x0, 0x0,
    0x4f, 0xfe, 0x0, 0x0, 0x0, 0x6f, 0xfb, 0x0,
    0x0, 0x0, 0x6f, 0xfe, 0x70, 0x0, 0x0, 0x1d,
    0xff, 0xd0, 0x0, 0x0, 0xaf, 0xff, 0xa0, 0x0,
    0x2, 0xff, 0xf2, 0x0, 0x0, 0x6, 0xff, 0xb0,
    0x0, 0x0, 0x9, 0xff, 0x80, 0x0, 0x0, 0xd,
    0xff, 0x40, 0x0, 0x0, 0x1f, 0xff, 0x10, 0x0,
    0x7, 0xdf, 0xfc, 0x0, 0x0, 0x4f, 0xff, 0xf3,
    0x0, 0x0, 0x7f, 0xeb, 0x30, 0x0, 0x0,

    /* U+007E "~" */
    0x0, 0x3c, 0xfc, 0x30, 0x6, 0xf8, 0x2, 0xff,
    0xff, 0xf8, 0x5e, 0xf4, 0xa, 0xfb, 0x5c, 0xff,
    0xff, 0xb0, 0xe, 0xf1, 0x0, 0x7d, 0xfa, 0x10,

    /* U+00A0 " " */

    /* U+00A1 "¡" */
    0x0, 0x8, 0xfc, 0x10, 0x2, 0xff, 0xf8, 0x0,
    0x2f, 0xff, 0x50, 0x0, 0x59, 0x60, 0x0, 0x0,
    0x0, 0x0, 0x5, 0xff, 0x20, 0x0, 0xaf, 0xf0,
    0x0, 0xe, 0xfe, 0x0, 0x2, 0xff, 0xc0, 0x0,
    0x7f, 0xfa, 0x0, 0xb, 0xff, 0x80, 0x0, 0xff,
    0xf6, 0x0, 0x3f, 0xff, 0x40, 0x8, 0xff, 0xf2,
    0x0, 0x0, 0x0, 0x0, 0x0,

    /* U+00A2 "¢" */
    0x0, 0x0, 0x0, 0x8, 0x70, 0x0, 0x0, 0x0,
    0x0, 0x3f, 0xc0, 0x0, 0x0, 0x0, 0x0, 0x6f,
    0x90, 0x0, 0x0, 0x2, 0x9d, 0xff, 0xfa, 0x20,
    0x0, 0x6f, 0xff, 0xff, 0xff, 0xf3, 0x4, 0xff,
    0xfe, 0xff, 0xef, 0xfb, 0xd, 0xff, 0xb3, 0xfd,
    0x1c, 0x60, 0x3f, 0xff, 0x16, 0xf9, 0x0, 0x0,
    0x5f, 0xfc, 0x9, 0xf6, 0x0, 0x0, 0x5f, 0xfc,
    0xc, 0xf3, 0x0, 0x0, 0x3f, 0xff, 0x3f, 0xf0,
    0x89, 0x10, 0xc, 0xff, 0xff, 0xfd, 0xff, 0xd0,
    0x2, 0xef, 0xff, 0xff, 0xff, 0x40, 0x0, 0x18,
    0xef, 0xfd, 0x91, 0x0, 0x0, 0x0, 0xcf, 0x30,
    0x0, 0x0, 0x0, 0x0, 0xff, 0x0, 0x0, 0x0,
    0x0, 0x0, 0x87, 0x0, 0x0, 0x0,

    /* U+00A3 "£" */
    0x0, 0x0, 0x0, 0x1, 0x7c, 0xef, 0xfc, 0x81,
    0x0, 0x0, 0x0, 0x6f, 0xff, 0xff, 0xff, 0xf4,
    0x0, 0x0, 0x6, 0xff, 0xff, 0xdc, 0xef, 0xb0,
    0x0, 0x0, 0x1f, 0xff, 0xb1, 0x0, 0x2, 0x20,
    0x0, 0x0, 0x7f, 0xfd, 0x0, 0x0, 0x0, 0x0,
    0x0, 0x0, 0xbf, 0xf8, 0x0, 0x0, 0x0, 0x0,
    0x0, 0xff, 0xff, 0xff, 0xff, 0xff, 0x0, 0x0,
    0x2, 0xff, 0xff, 0xff, 0xff, 0xfd, 0x0, 0x0,
    0x0, 0x6, 0xff, 0xe0, 0x0, 0x0, 0x0, 0x0,
    0x0, 0x9, 0xff, 0xa0, 0x0, 0x0, 0x0, 0x0,
    0x0, 0xc, 0xff, 0x70, 0x0, 0x0, 0x0, 0x0,
    0x9, 0xaf, 0xff, 0xca, 0xaa, 0xaa, 0xa0, 0x0,
    0x2f, 0xff, 0xff, 0xff, 0xff, 0xff, 0xe0, 0x0,
    0x6f, 0xff, 0xff, 0xff, 0xff, 0xff, 0xb0, 0x0,

    /* U+00A4 "¤" */
    0x0, 0x70, 0x0, 0x0, 0x0, 0x5, 0x30, 0xb,
    0xfa, 0x2, 0x67, 0x40, 0x5f, 0xe3, 0x1c, 0xff,
    0xef, 0xff, 0xfe, 0xff, 0xf4, 0x1, 0xcf, 0xff,
    0xff, 0xff, 0xff, 0x40, 0x0, 0x8f, 0xf9, 0x10,
    0x5e, 0xfe, 0x0, 0x0, 0xef, 0xb0, 0x0, 0x5,
    0xff, 0x40, 0x0, 0xff, 0x70, 0x0, 0x0, 0xff,
    0x60, 0x0, 0xff, 0x80, 0x0, 0x1, 0xff, 0x50,
    0x0, 0xbf, 0xe2, 0x0, 0xa, 0xff, 0x20, 0x0,
    0x7f, 0xff, 0x98, 0xcf, 0xfd, 0x0, 0x4, 0xff,
    0xff, 0xff, 0xff, 0xff, 0x90, 0x1f, 0xff, 0x7b,
    0xef, 0xd7, 0xdf, 0xf6, 0x6, 0xf5, 0x0, 0x0,
    0x0, 0x1d, 0xc0, 0x0, 0x20, 0x0, 0x0, 0x0,
    0x1, 0x0,

    /* U+00A5 "¥" */
    0x5f, 0xff, 0x0, 0x0, 0x0, 0x2, 0xef, 0xf5,
    0xd, 0xff, 0x70, 0x0, 0x0, 0x1d, 0xff, 0x70,
    0x5, 0xff, 0xe0, 0x0, 0x0, 0xcf, 0xf9, 0x0,
    0x0, 0xdf, 0xf6, 0x0, 0xa, 0xff, 0xb0, 0x0,
    0x0, 0x6f, 0xfd, 0x0, 0x7f, 0xfd, 0x0, 0x0,
    0x0, 0xe, 0xff, 0x55, 0xff, 0xe2, 0x0, 0x0,
    0x0, 0x6, 0xff, 0xdf, 0xff, 0x30, 0x0, 0x0,
    0x0, 0x0, 0xef, 0xff, 0xf5, 0x0, 0x0, 0x0,
    0xf, 0xff, 0xff, 0xff, 0xff, 0xfc, 0x0, 0x0,
    0x1a, 0xaa, 0xdf, 0xfe, 0xaa, 0xa6, 0x0, 0x0,
    0x5a, 0xaa, 0xdf, 0xfe, 0xaa, 0xa2, 0x0, 0x0,
    0xaf, 0xff, 0xff, 0xff, 0xff, 0xf1, 0x0, 0x0,
    0x0, 0x1, 0xff, 0xf2, 0x0, 0x0, 0x0, 0x0,
    0x0, 0x4, 0xff, 0xf0, 0x0, 0x0, 0x0, 0x0,

    /* U+00A6 "¦" */
    0x0, 0x0, 0x8f, 0xf4, 0x0, 0x0, 0xbf, 0xf1,
    0x0, 0x0, 0xef, 0xe0, 0x0, 0x2, 0xff, 0xb0,
    0x0, 0x5, 0xff, 0x80, 0x0, 0x8, 0xff, 0x40,
    0x0, 0xb, 0xff, 0x10, 0x0, 0x0, 0x11, 0x0,
    0x0, 0x0, 0x0, 0x0, 0x0, 0x0, 0x0, 0x0,
    0x0, 0x0, 0x0, 0x0, 0x0, 0x0, 0x0, 0x0,
    0x0, 0xef, 0xf0, 0x0, 0x1, 0xff, 0xc0, 0x0,
    0x4, 0xff, 0x80, 0x0, 0x7, 0xff, 0x50, 0x0,
    0xb, 0xff, 0x20, 0x0, 0xe, 0xff, 0x0, 0x0,
    0x1f, 0xfc, 0x0, 0x0,

    /* U+00A7 "§" */
    0x0, 0x0, 0x7, 0xce, 0xfe, 0xc7, 0x10, 0x0,
    0x1d, 0xff, 0xff, 0xff, 0xf3, 0x0, 0xb, 0xff,
    0xa5, 0x57, 0xba, 0x0, 0x0, 0xff, 0xd0, 0x0,
    0x0, 0x0, 0x0, 0xe, 0xff, 0x94, 0x0, 0x0,
    0x0, 0x0, 0xaf, 0xff, 0xff, 0x90, 0x0, 0x0,
    0x8f, 0xfc, 0xef, 0xff, 0xb0, 0x0, 0x2f, 0xf9,
    0x0, 0x4e, 0xff, 0x0, 0x5, 0xff, 0x80, 0x0,
    0xcf, 0xe0, 0x0, 0x3f, 0xff, 0xd8, 0xaf, 0xf7,
    0x0, 0x0, 0x6f, 0xff, 0xff, 0xf8, 0x0, 0x0,
    0x0, 0x5, 0xaf, 0xff, 0x80, 0x0, 0x0, 0x0,
    0x0, 0x3f, 0xfa, 0x0, 0x0, 0xd7, 0x20, 0x19,
    0xff, 0x70, 0x0, 0x7f, 0xff, 0xff, 0xff, 0xd1,
    0x0, 0x4, 0xcf, 0xff, 0xff, 0xa1, 0x0, 0x0,
    0x0, 0x13, 0x43, 0x0, 0x0, 0x0, 0x0,

    /* U+00A8 "¨" */
    0x3b, 0x70, 0x2b, 0x70, 0xbf, 0xf0, 0xaf, 0xf0,
    0x7f, 0x80, 0x6f, 0x90,

    /* U+00A9 "©" */
    0x0, 0x0, 0x0, 0x0, 0x0, 0x0, 0x0, 0x0,
    0x0, 0x18, 0xdf, 0xfe, 0xa4, 0x0, 0x0, 0x0,
    0x4f, 0xe8, 0x54, 0x6c, 0xf9, 0x0, 0x0, 0x4f,
    0xa0, 0x0, 0x0, 0x5, 0xfa, 0x0, 0xe, 0xa0,
    0x19, 0xef, 0xd6, 0x4, 0xf5, 0x6, 0xf1, 0x1d,
    0xff, 0xff, 0xf8, 0xb, 0xc0, 0xbb, 0x8, 0xff,
    0x41, 0x7b, 0x20, 0x5f, 0xd, 0x80, 0xcf, 0x90,
    0x0, 0x0, 0x3, 0xf2, 0xd8, 0xc, 0xf9, 0x0,
    0x0, 0x0, 0x3f, 0x2c, 0xa0, 0x8f, 0xf4, 0x6,
    0xa1, 0x5, 0xf1, 0x7f, 0x1, 0xef, 0xff, 0xff,
    0x80, 0xac, 0x1, 0xf8, 0x1, 0xae, 0xfd, 0x70,
    0x3f, 0x50, 0x6, 0xf6, 0x0, 0x0, 0x0, 0x3e,
    0xb0, 0x0, 0x7, 0xfb, 0x52, 0x13, 0x9f, 0xb0,
    0x0, 0x0, 0x3, 0xbf, 0xff, 0xfd, 0x60, 0x0,
    0x0, 0x0, 0x0, 0x3, 0x31, 0x0, 0x0, 0x0,

    /* U+00AA "ª" */
    0x1, 0x9d, 0xfd, 0x70, 0x3, 0xfb, 0xaf, 0xf6,
    0x0, 0x10, 0x9, 0xf9, 0x5, 0xcf, 0xff, 0xf8,
    0x3f, 0xd4, 0x3e, 0xf5, 0x6f, 0xc2, 0x7f, 0xf2,
    0x1e, 0xff, 0xcf, 0xf0, 0x0, 0x33, 0x4, 0x30,

    /* U+00AB "«" */
    0x0, 0x2, 0xde, 0xa0, 0x7e, 0xd4, 0x0, 0x1d,
    0xfe, 0x16, 0xff, 0x70, 0x0, 0xcf, 0xe2, 0x5f,
    0xf9, 0x0, 0xb, 0xff, 0x44, 0xff, 0xb0, 0x0,
    0x1f, 0xfd, 0x8, 0xff, 0x50, 0x0, 0x8, 0xff,
    0x41, 0xff, 0xc0, 0x0, 0x1, 0xff, 0xc0, 0x8f,
    0xf4, 0x0, 0x0, 0x7f, 0xf4, 0xe, 0xfc, 0x0,

    /* U+00AC "¬" */
    0x17, 0x77, 0x77, 0x77, 0x77, 0x16, 0xff, 0xff,
    0xff, 0xff, 0xf2, 0x9f, 0xff, 0xff, 0xff, 0xfe,
    0x0, 0x0, 0x0, 0x0, 0xdf, 0xb0, 0x0, 0x0,
    0x0, 0xf, 0xf8, 0x0, 0x0, 0x0, 0x3, 0xff,
    0x50, 0x0, 0x0, 0x0, 0x28, 0x81, 0x0,

    /* U+00AE "®" */
    0x0, 0x0, 0x0, 0x0, 0x0, 0x0, 0x0, 0x0,
    0x0, 0x18, 0xdf, 0xfe, 0xa4, 0x0, 0x0, 0x0,
    0x4f, 0xe8, 0x54, 0x6c, 0xf9, 0x0, 0x0, 0x4f,
    0xa0, 0x0, 0x0, 0x5, 0xfa, 0x0, 0xe, 0xa0,
    0x78, 0x88, 0x61, 0x4, 0xf5, 0x6, 0xf1, 0xe,
    0xff, 0xff, 0xf3, 0xb, 0xc0, 0xbb, 0x0, 0xef,
    0x20, 0x8f, 0xb0, 0x5f, 0xd, 0x80, 0xe, 0xf2,
    0x4, 0xfd, 0x3, 0xf2, 0xd8, 0x0, 0xef, 0xa9,
    0xef, 0x80, 0x3f, 0x2c, 0xa0, 0xe, 0xff, 0xff,
    0xb0, 0x5, 0xf1, 0x7f, 0x0, 0xef, 0x32, 0xfe,
    0x10, 0xac, 0x1, 0xf8, 0xe, 0xf3, 0x6, 0xfa,
    0x3f, 0x50, 0x6, 0xf6, 0x22, 0x0, 0x2, 0x5e,
    0xb0, 0x0, 0x7, 0xfb, 0x52, 0x13, 0x9f, 0xb0,
    0x0, 0x0, 0x3, 0xbf, 0xff, 0xfd, 0x60, 0x0,
    0x0, 0x0, 0x0, 0x3, 0x31, 0x0, 0x0, 0x0,

    /* U+00AF "¯" */
    0x9, 0xcc, 0xcc, 0xcc, 0x70, 0xff, 0xff, 0xff,
    0xf7,

    /* U+00B0 "°" */
    0x0, 0x7e, 0xfb, 0x30, 0x9, 0xfc, 0xaf, 0xf2,
    0x1f, 0xb0, 0x3, 0xf9, 0x3f, 0x70, 0x0, 0xeb,
    0x1f, 0xb0, 0x3, 0xf9, 0x9, 0xfc, 0x9e, 0xf2,
    0x0, 0x7e, 0xfb, 0x30,

    /* U+00B1 "±" */
    0x0, 0x0, 0x0, 0xef, 0xb0, 0x0, 0x0, 0x0,
    0x1, 0xff, 0x70, 0x0, 0x0, 0x0, 0x5, 0xff,
    0x40, 0x0, 0x0, 0xff, 0xff, 0xff, 0xff, 0xf8,
    0x3, 0xff, 0xff, 0xff, 0xff, 0xf5, 0x2, 0x66,
    0x6f, 0xfc, 0x66, 0x61, 0x0, 0x0, 0x2f, 0xf7,
    0x0, 0x0, 0x0, 0x0, 0x5f, 0xf4, 0x0, 0x0,
    0x0, 0x0, 0x6c, 0xc1, 0x0, 0x0, 0x0, 0x0,
    0x0, 0x0, 0x0, 0x0, 0x37, 0x77, 0x77, 0x77,
    0x77, 0x0, 0x8f, 0xff, 0xff, 0xff, 0xff, 0x0,
    0xbf, 0xff, 0xff, 0xff, 0xfc, 0x0,

    /* U+00B2 "²" */
    0x0, 0x8d, 0xfe, 0xa1, 0xb, 0xff, 0xdf, 0xfb,
    0x1, 0x50, 0x7, 0xfd, 0x0, 0x0, 0x1c, 0xf6,
    0x0, 0x5, 0xee, 0x50, 0x1, 0xaf, 0xb1, 0x0,
    0x5e, 0xff, 0xbb, 0xb3, 0xdf, 0xff, 0xff, 0xf1,

    /* U+00B3 "³" */
    0x0, 0x8f, 0xff, 0xff, 0xf4, 0x0, 0x7b, 0xbb,
    0xff, 0xc0, 0x0, 0x0, 0x1b, 0xf9, 0x0, 0x0,
    0x0, 0xdf, 0xf8, 0x0, 0x0, 0x0, 0x88, 0xef,
    0x80, 0x2, 0x30, 0x0, 0xaf, 0xa0, 0xc, 0xfe,
    0xde, 0xff, 0x30, 0x5, 0xbe, 0xfe, 0xa3, 0x0,

    /* U+00B4 "´" */
    0x0, 0x1e, 0xff, 0x50, 0x1e, 0xfd, 0x20, 0x1e,
    0xfa, 0x0, 0x0,

    /* U+00B5 "µ" */
    0x0, 0x9, 0xff, 0x80, 0x0, 0xc, 0xff, 0x50,
    0x0, 0xcf, 0xf5, 0x0, 0x0, 0xff, 0xf2, 0x0,
    0xf, 0xff, 0x20, 0x0, 0x2f, 0xff, 0x0, 0x2,
    0xff, 0xf0, 0x0, 0x5, 0xff, 0xc0, 0x0, 0x5f,
    0xfc, 0x0, 0x0, 0x9f, 0xf8, 0x0, 0x8, 0xff,
    0x90, 0x0, 0xc, 0xff, 0x50, 0x0, 0xcf, 0xf7,
    0x0, 0x1, 0xff, 0xf2, 0x0, 0xf, 0xff, 0x90,
    0x0, 0xaf, 0xff, 0x0, 0x2, 0xff, 0xff, 0xb9,
    0xdf, 0xff, 0xc0, 0x0, 0x5f, 0xff, 0xff, 0xff,
    0xff, 0xf9, 0x0, 0x8, 0xff, 0xcd, 0xfe, 0x98,
    0xff, 0x60, 0x0, 0xbf, 0xf6, 0x0, 0x0, 0x0,
    0x0, 0x0, 0xe, 0xff, 0x30, 0x0, 0x0, 0x0,
    0x0, 0x1, 0xff, 0xf0, 0x0, 0x0, 0x0, 0x0,
    0x0, 0x4f, 0xfd, 0x0, 0x0, 0x0, 0x0, 0x0,
    0x0,

    /* U+00B6 "¶" */
    0x0, 0x0, 0x23, 0x44, 0x44, 0x44, 0x40, 0x7,
    0xef, 0xff, 0xff, 0xff, 0xfc, 0xb, 0xff, 0xff,
    0xff, 0xff, 0xff, 0x95, 0xff, 0xff, 0xff, 0x60,
    0x2f, 0xf6, 0x8f, 0xff, 0xff, 0xf3, 0x5, 0xff,
    0x29, 0xff, 0xff, 0xff, 0x0, 0x8f, 0xf0, 0x5f,
    0xff, 0xff, 0xc0, 0xc, 0xfc, 0x0, 0x8f, 0xff,
    0xf9, 0x0, 0xff, 0x90, 0x0, 0x16, 0xff, 0x60,
    0x2f, 0xf6, 0x0, 0x0, 0x5f, 0xf3, 0x5, 0xff,
    0x20, 0x0, 0x8, 0xff, 0x0, 0x8f, 0xf0, 0x0,
    0x0, 0xbf, 0xc0, 0xc, 0xfc, 0x0, 0x0, 0xe,
    0xf9, 0x0, 0xff, 0x90, 0x0, 0x2, 0xff, 0x60,
    0x2f, 0xf6, 0x0, 0x0, 0x5f, 0xf3, 0x5, 0xff,
    0x20, 0x0, 0x8, 0xff, 0x0, 0x8f, 0xf0, 0x0,
    0x0, 0xbf, 0xc0, 0xc, 0xfc, 0x0, 0x0, 0x7,
    0x85, 0x0, 0x78, 0x50, 0x0,

    /* U+00B7 "·" */
    0x2b, 0xd5, 0xb, 0xff, 0xe0, 0xcf, 0xfe, 0x4,
    0xee, 0x40,

    /* U+00B8 "¸" */
    0x0, 0x1, 0x10, 0x0, 0x1f, 0x90, 0x0, 0x8f,
    0xe6, 0x3, 0x27, 0xfb, 0x1f, 0xff, 0xe3, 0x2,
    0x43, 0x0,

    /* U+00B9 "¹" */
    0x0, 0x9f, 0xff, 0x80, 0x0, 0x8b, 0xff, 0x50,
    0x0, 0x1, 0xff, 0x10, 0x0, 0x5, 0xfe, 0x0,
    0x0, 0x8, 0xfa, 0x0, 0x0, 0xc, 0xf7, 0x0,
    0xb, 0xbf, 0xfc, 0xa0, 0x3f, 0xff, 0xff, 0xd0,

    /* U+00BA "º" */
    0x0, 0x5c, 0xfe, 0xa1, 0x0, 0x7f, 0xfc, 0xef,
    0xd0, 0x1f, 0xf3, 0x0, 0xef, 0x33, 0xfe, 0x0,
    0xd, 0xf4, 0x1f, 0xf4, 0x7, 0xfe, 0x0, 0x9f,
    0xff, 0xff, 0x40, 0x0, 0x59, 0xa8, 0x20, 0x0,

    /* U+00BB "»" */
    0x0, 0x5e, 0xe4, 0xc, 0xeb, 0x0, 0x0, 0xe,
    0xfc, 0x7, 0xff, 0x50, 0x0, 0x7, 0xff, 0x50,
    0xef, 0xd0, 0x0, 0x0, 0xef, 0xd0, 0x7f, 0xf5,
    0x0, 0x4, 0xff, 0xb0, 0xbf, 0xf4, 0x0, 0x2f,
    0xfc, 0x9, 0xff, 0x50, 0x1, 0xef, 0xd1, 0x7f,
    0xf7, 0x0, 0xd, 0xfe, 0x15, 0xff, 0x80, 0x0,

    /* U+00BC "¼" */
    0x0, 0x7a, 0xaa, 0x40, 0x0, 0x0, 0x0, 0x6a,
    0x80, 0x0, 0x0, 0xdf, 0xff, 0x40, 0x0, 0x0,
    0x5, 0xff, 0x30, 0x0, 0x0, 0x3, 0xff, 0x10,
    0x0, 0x0, 0x4f, 0xf4, 0x0, 0x0, 0x0, 0x6,
    0xfe, 0x0, 0x0, 0x2, 0xef, 0x60, 0x0, 0x0,
    0x0, 0x9, 0xfa, 0x0, 0x0, 0x1d, 0xf8, 0x0,
    0x0, 0x0, 0x0, 0xc, 0xf7, 0x0, 0x0, 0xcf,
    0xa0, 0x0, 0x0, 0x0, 0x0, 0xe, 0xf4, 0x0,
    0xa, 0xfc, 0x0, 0x5, 0xa9, 0x0, 0x2a, 0xaf,
    0xfb, 0x90, 0x8f, 0xd1, 0x0, 0x4f, 0xf3, 0x0,
    0x6f, 0xff, 0xff, 0xb6, 0xfe, 0x20, 0x3, 0xff,
    0x40, 0x0, 0x0, 0x0, 0x0, 0x4f, 0xf4, 0x0,
    0x2e, 0xf6, 0x11, 0x0, 0x0, 0x0, 0x2, 0xff,
    0x50, 0x1, 0xef, 0x70, 0xfe, 0x0, 0x0, 0x0,
    0x1e, 0xf8, 0x0, 0xd, 0xff, 0xbc, 0xfe, 0xb0,
    0x0, 0x0, 0xdf, 0xa0, 0x0, 0x2f, 0xff, 0xff,
    0xff, 0xd0, 0x0, 0xb, 0xfb, 0x0, 0x0, 0x0,
    0x0, 0xd, 0xf4, 0x0, 0x0, 0x38, 0x71, 0x0,
    0x0, 0x0, 0x0, 0x7, 0x81, 0x0,

    /* U+00BD "½" */
    0x0, 0xbf, 0xff, 0x60, 0x0, 0x0, 0x0, 0xcf,
    0xb0, 0x0, 0x9, 0xbf, 0xf2, 0x0, 0x0, 0x0,
    0xaf, 0xc0, 0x0, 0x0, 0x4, 0xff, 0x0, 0x0,
    0x0, 0x8f, 0xd1, 0x0, 0x0, 0x0, 0x7f, 0xb0,
    0x0, 0x0, 0x6f, 0xe2, 0x0, 0x0, 0x0, 0xb,
    0xf8, 0x0, 0x0, 0x5f, 0xf3, 0x0, 0x0, 0x0,
    0x0, 0xef, 0x50, 0x0, 0x3f, 0xf5, 0x49, 0xba,
    0x50, 0x2a, 0xaf, 0xfb, 0x90, 0x2e, 0xf7, 0xaf,
    0xff, 0xff, 0x76, 0xff, 0xff, 0xfb, 0x1d, 0xf9,
    0x3, 0xa2, 0x9, 0xfc, 0x0, 0x0, 0x0, 0xc,
    0xfb, 0x0, 0x0, 0x0, 0x9f, 0xb0, 0x0, 0x0,
    0xa, 0xfc, 0x0, 0x0, 0x0, 0x8f, 0xf2, 0x0,
    0x0, 0x8, 0xfd, 0x10, 0x0, 0x1, 0xcf, 0xd2,
    0x0, 0x0, 0x6, 0xfe, 0x20, 0x0, 0x4, 0xef,
    0xa0, 0x0, 0x0, 0x4, 0xff, 0x30, 0x0, 0x7,
    0xff, 0xfb, 0xbb, 0x20, 0x3, 0xff, 0x50, 0x0,
    0x0, 0xef, 0xff, 0xff, 0xf1,

    /* U+00BE "¾" */
    0x0, 0x6a, 0xaa, 0xaa, 0xa1, 0x0, 0x0, 0x7,
    0xa8, 0x0, 0x0, 0xc, 0xff, 0xff, 0xfe, 0x0,
    0x0, 0x6, 0xff, 0x20, 0x0, 0x0, 0x0, 0x7,
    0xfd, 0x20, 0x0, 0x4, 0xff, 0x40, 0x0, 0x0,
    0x0, 0x9, 0xfe, 0x10, 0x0, 0x2, 0xff, 0x60,
    0x0, 0x0, 0x0, 0x2, 0xff, 0xfd, 0x10, 0x1,
    0xef, 0x80, 0x0, 0x0, 0x0, 0x0, 0x14, 0x5e,
    0xf7, 0x0, 0xcf, 0xa0, 0x0, 0x0, 0x0, 0x4,
    0x30, 0x0, 0xdf, 0x70, 0xaf, 0xc0, 0x0, 0x7d,
    0xb0, 0x0, 0xef, 0xec, 0xef, 0xe1, 0x8f, 0xd1,
    0x0, 0x6f, 0xe2, 0x0, 0x6, 0xcf, 0xfd, 0x91,
    0x6f, 0xe2, 0x0, 0x4f, 0xf4, 0x0, 0x0, 0x0,
    0x0, 0x0, 0x4f, 0xf3, 0x0, 0x3f, 0xf5, 0x23,
    0x0, 0x0, 0x0, 0x0, 0x3f, 0xf5, 0x0, 0x2e,
    0xf7, 0xf, 0xe0, 0x0, 0x0, 0x0, 0x1e, 0xf7,
    0x0, 0xd, 0xff, 0xbc, 0xfe, 0xb0, 0x0, 0x0,
    0xd, 0xfa, 0x0, 0x2, 0xff, 0xff, 0xff, 0xfd,
    0x0, 0x0, 0xb, 0xfb, 0x0, 0x0, 0x0, 0x0,
    0xd, 0xf4, 0x0, 0x0, 0x3, 0x87, 0x10, 0x0,
    0x0, 0x0, 0x0, 0x78, 0x10, 0x0,

    /* U+00BF "¿" */
    0x0, 0x0, 0x7, 0xfd, 0x20, 0x0, 0x0, 0x1,
    0xff, 0xf8, 0x0, 0x0, 0x0, 0x1f, 0xff, 0x50,
    0x0, 0x0, 0x0, 0x49, 0x60, 0x0, 0x0, 0x0,
    0x0, 0x0, 0x0, 0x0, 0x0, 0x9, 0xee, 0x50,
    0x0, 0x0, 0x6, 0xff, 0xe1, 0x0, 0x0, 0x9,
    0xff, 0xe2, 0x0, 0x0, 0xb, 0xff, 0xc1, 0x0,
    0x0, 0x8, 0xff, 0xc0, 0x0, 0x0, 0x0, 0xdf,
    0xf6, 0x0, 0x0, 0x50, 0xe, 0xff, 0xc2, 0x3,
    0xaf, 0xc1, 0xaf, 0xff, 0xff, 0xff, 0xfe, 0x21,
    0xcf, 0xff, 0xff, 0xfb, 0x20, 0x0, 0x47, 0x99,
    0x72, 0x0, 0x0,

    /* U+00C0 "À" */
    0x0, 0x0, 0x0, 0x0, 0x8f, 0xfa, 0x0, 0x0,
    0x0, 0x0, 0x0, 0x0, 0x0, 0x7f, 0xf6, 0x0,
    0x0, 0x0, 0x0, 0x0, 0x0, 0x0, 0x6e, 0xd1,
    0x0, 0x0, 0x0, 0x0, 0x0, 0x0, 0x0, 0x0,
    0x0, 0x0, 0x0, 0x0, 0x0, 0x0, 0x8, 0xff,
    0xf1, 0x0, 0x0, 0x0, 0x0, 0x0, 0x3, 0xff,
    0xff, 0x50, 0x0, 0x0, 0x0, 0x0, 0x0, 0xcf,
    0xff, 0xf9, 0x0, 0x0, 0x0, 0x0, 0x0, 0x7f,
    0xfa, 0xff, 0xd0, 0x0, 0x0, 0x0, 0x0, 0x2f,
    0xfe, 0x1e, 0xff, 0x10, 0x0, 0x0, 0x0, 0xc,
    0xff, 0x50, 0xaf, 0xf5, 0x0, 0x0, 0x0, 0x6,
    0xff, 0xb0, 0x7, 0xff, 0x90, 0x0, 0x0, 0x1,
    0xff, 0xf2, 0x0, 0x3f, 0xfd, 0x0, 0x0, 0x0,
    0xbf, 0xfd, 0x77, 0x78, 0xff, 0xf1, 0x0, 0x0,
    0x5f, 0xff, 0xff, 0xff, 0xff, 0xff, 0x50, 0x0,
    0x1e, 0xff, 0xff, 0xff, 0xff, 0xff, 0xf9, 0x0,
    0xa, 0xff, 0xb0, 0x0, 0x0, 0x5, 0xff, 0xd0,
    0x4, 0xff, 0xf2, 0x0, 0x0, 0x0, 0x2f, 0xff,
    0x10, 0xef, 0xf8, 0x0, 0x0, 0x0, 0x0, 0xef,
    0xf5,

    /* U+00C1 "Á" */
    0x0, 0x0, 0x0, 0x0, 0x0, 0x0, 0x2, 0x22,
    0x0, 0x0, 0x0, 0x0, 0x0, 0x0, 0x1d, 0xff,
    0x50, 0x0, 0x0, 0x0, 0x0, 0x0, 0x1d, 0xfd,
    0x20, 0x0, 0x0, 0x0, 0x0, 0x0, 0xa, 0xd9,
    0x0, 0x0, 0x0, 0x0, 0x0, 0x0, 0x0, 0x0,
    0x0, 0x0, 0x0, 0x0, 0x0, 0x0, 0x0, 0x8f,
    0xff, 0x10, 0x0, 0x0, 0x0, 0x0, 0x0, 0x3f,
    0xff, 0xf5, 0x0, 0x0, 0x0, 0x0, 0x0, 0xc,
    0xff, 0xff, 0x90, 0x0, 0x0, 0x0, 0x0, 0x7,
    0xff, 0xaf, 0xfd, 0x0, 0x0, 0x0, 0x0, 0x2,
    0xff, 0xe1, 0xef, 0xf1, 0x0, 0x0, 0x0, 0x0,
    0xcf, 0xf5, 0xa, 0xff, 0x50, 0x0, 0x0, 0x0,
    0x6f, 0xfb, 0x0, 0x7f, 0xf9, 0x0, 0x0, 0x0,
    0x1f, 0xff, 0x20, 0x3, 0xff, 0xd0, 0x0, 0x0,
    0xb, 0xff, 0xd7, 0x77, 0x8f, 0xff, 0x10, 0x0,
    0x5, 0xff, 0xff, 0xff, 0xff, 0xff, 0xf5, 0x0,
    0x1, 0xef, 0xff, 0xff, 0xff, 0xff, 0xff, 0x90,
    0x0, 0xaf, 0xfb, 0x0, 0x0, 0x0, 0x5f, 0xfd,
    0x0, 0x4f, 0xff, 0x20, 0x0, 0x0, 0x2, 0xff,
    0xf1, 0xe, 0xff, 0x80, 0x0, 0x0, 0x0, 0xe,
    0xff, 0x50,

    /* U+00C2 "Â" */
    0x0, 0x0, 0x0, 0x0, 0x1, 0xcf, 0xfd, 0x10,
    0x0, 0x0, 0x0, 0x0, 0x2, 0xef, 0x89, 0xfc,
    0x0, 0x0, 0x0, 0x0, 0x0, 0x78, 0x30, 0x6,
    0x84, 0x0, 0x0, 0x0, 0x0, 0x0, 0x0, 0x0,
    0x0, 0x0, 0x0, 0x0, 0x0, 0x0, 0x8, 0xff,
    0xf1, 0x0, 0x0, 0x0, 0x0, 0x0, 0x3, 0xff,
    0xff, 0x50, 0x0, 0x0, 0x0, 0x0, 0x0, 0xcf,
    0xff, 0xf9, 0x0, 0x0, 0x0, 0x0, 0x0, 0x7f,
    0xfa, 0xff, 0xd0, 0x0, 0x0, 0x0, 0x0, 0x2f,
    0xfe, 0x1e, 0xff, 0x10, 0x0, 0x0, 0x0, 0xc,
    0xff, 0x50, 0xaf, 0xf5, 0x0, 0x0, 0x0, 0x6,
    0xff, 0xb0, 0x7, 0xff, 0x90, 0x0, 0x0, 0x1,
    0xff, 0xf2, 0x0, 0x3f, 0xfd, 0x0, 0x0, 0x0,
    0xbf, 0xfd, 0x77, 0x78, 0xff, 0xf1, 0x0, 0x0,
    0x5f, 0xff, 0xff, 0xff, 0xff, 0xff, 0x50, 0x0,
    0x1e, 0xff, 0xff, 0xff, 0xff, 0xff, 0xf9, 0x0,
    0xa, 0xff, 0xb0, 0x0, 0x0, 0x5, 0xff, 0xd0,
    0x4, 0xff, 0xf2, 0x0, 0x0, 0x0, 0x2f, 0xff,
    0x10, 0xef, 0xf8, 0x0, 0x0, 0x0, 0x0, 0xef,
    0xf5,

    /* U+00C3 "Ã" */
    0x0, 0x0, 0x0, 0x0, 0x1b, 0xfc, 0x41, 0xdc,
    0x0, 0x0, 0x0, 0x0, 0xb, 0xfd, 0xff, 0xff,
    0x60, 0x0, 0x0, 0x0, 0x0, 0xc8, 0x3, 0xab,
    0x60, 0x0, 0x0, 0x0, 0x0, 0x0, 0x0, 0x0,
    0x0, 0x0, 0x0, 0x0, 0x0, 0x0, 0x8, 0xff,
    0xf1, 0x0, 0x0, 0x0, 0x0, 0x0, 0x3, 0xff,
    0xff, 0x50, 0x0, 0x0, 0x0, 0x0, 0x0, 0xcf,
    0xff, 0xf9, 0x0, 0x0, 0x0, 0x0, 0x0, 0x7f,
    0xfa, 0xff, 0xd0, 0x0, 0x0, 0x0, 0x0, 0x2f,
    0xfe, 0x1e, 0xff, 0x10, 0x0, 0x0, 0x0, 0xc,
    0xff, 0x50, 0xaf, 0xf5, 0x0, 0x0, 0x0, 0x6,
    0xff, 0xb0, 0x7, 0xff, 0x90, 0x0, 0x0, 0x1,
    0xff, 0xf2, 0x0, 0x3f, 0xfd, 0x0, 0x0, 0x0,
    0xbf, 0xfd, 0x77, 0x78, 0xff, 0xf1, 0x0, 0x0,
    0x5f, 0xff, 0xff, 0xff, 0xff, 0xff, 0x50, 0x0,
    0x1e, 0xff, 0xff, 0xff, 0xff, 0xff, 0xf9, 0x0,
    0xa, 0xff, 0xb0, 0x0, 0x0, 0x5, 0xff, 0xd0,
    0x4, 0xff, 0xf2, 0x0, 0x0, 0x0, 0x2f, 0xff,
    0x10, 0xef, 0xf8, 0x0, 0x0, 0x0, 0x0, 0xef,
    0xf5,

    /* U+00C4 "Ä" */
    0x0, 0x0, 0x0, 0x0, 0x1d, 0xe2, 0x1c, 0xe2,
    0x0, 0x0, 0x0, 0x0, 0x5, 0xff, 0x54, 0xff,
    0x60, 0x0, 0x0, 0x0, 0x0, 0x1a, 0x90, 0xa,
    0x90, 0x0, 0x0, 0x0, 0x0, 0x0, 0x0, 0x0,
    0x0, 0x0, 0x0, 0x0, 0x0, 0x0, 0x8, 0xff,
    0xf1, 0x0, 0x0, 0x0, 0x0, 0x0, 0x3, 0xff,
    0xff, 0x50, 0x0, 0x0, 0x0, 0x0, 0x0, 0xcf,
    0xff, 0xf9, 0x0, 0x0, 0x0, 0x0, 0x0, 0x7f,
    0xfa, 0xff, 0xd0, 0x0, 0x0, 0x0, 0x0, 0x2f,
    0xfe, 0x1e, 0xff, 0x10, 0x0, 0x0, 0x0, 0xc,
    0xff, 0x50, 0xaf, 0xf5, 0x0, 0x0, 0x0, 0x6,
    0xff, 0xb0, 0x7, 0xff, 0x90, 0x0, 0x0, 0x1,
    0xff, 0xf2, 0x0, 0x3f, 0xfd, 0x0, 0x0, 0x0,
    0xbf, 0xfd, 0x77, 0x78, 0xff, 0xf1, 0x0, 0x0,
    0x5f, 0xff, 0xff, 0xff, 0xff, 0xff, 0x50, 0x0,
    0x1e, 0xff, 0xff, 0xff, 0xff, 0xff, 0xf9, 0x0,
    0xa, 0xff, 0xb0, 0x0, 0x0, 0x5, 0xff, 0xd0,
    0x4, 0xff, 0xf2, 0x0, 0x0, 0x0, 0x2f, 0xff,
    0x10, 0xef, 0xf8, 0x0, 0x0, 0x0, 0x0, 0xef,
    0xf5,

    /* U+00C5 "Å" */
    0x0, 0x0, 0x0, 0x0, 0x0, 0x0, 0x0, 0x0,
    0x0, 0x0, 0x0, 0x0, 0x0, 0x6, 0xee, 0x60,
    0x0, 0x0, 0x0, 0x0, 0x0, 0x3, 0xf6, 0x6f,
    0x30, 0x0, 0x0, 0x0, 0x0, 0x0, 0x6d, 0x0,
    0xd7, 0x0, 0x0, 0x0, 0x0, 0x0, 0x4, 0xf3,
    0x2f, 0x40, 0x0, 0x0, 0x0, 0x0, 0x0, 0x9,
    0xff, 0x90, 0x0, 0x0, 0x0, 0x0, 0x0, 0x0,
    0x1, 0x10, 0x0, 0x0, 0x0, 0x0, 0x0, 0x0,
    0x8f, 0xff, 0x10, 0x0, 0x0, 0x0, 0x0, 0x0,
    0x3f, 0xff, 0xf5, 0x0, 0x0, 0x0, 0x0, 0x0,
    0xc, 0xff, 0xff, 0x90, 0x0, 0x0, 0x0, 0x0,
    0x7, 0xff, 0xaf, 0xfd, 0x0, 0x0, 0x0, 0x0,
    0x2, 0xff, 0xe1, 0xef, 0xf1, 0x0, 0x0, 0x0,
    0x0, 0xcf, 0xf5, 0xa, 0xff, 0x50, 0x0, 0x0,
    0x0, 0x6f, 0xfb, 0x0, 0x7f, 0xf9, 0x0, 0x0,
    0x0, 0x1f, 0xff, 0x20, 0x3, 0xff, 0xd0, 0x0,
    0x0, 0xb, 0xff, 0xd7, 0x77, 0x8f, 0xff, 0x10,
    0x0, 0x5, 0xff, 0xff, 0xff, 0xff, 0xff, 0xf5,
    0x0, 0x1, 0xef, 0xff, 0xff, 0xff, 0xff, 0xff,
    0x90, 0x0, 0xaf, 0xfb, 0x0, 0x0, 0x0, 0x5f,
    0xfd, 0x0, 0x4f, 0xff, 0x20, 0x0, 0x0, 0x2,
    0xff, 0xf1, 0xe, 0xff, 0x80, 0x0, 0x0, 0x0,
    0xe, 0xff, 0x50,

    /* U+00C6 "Æ" */
    0x0, 0x0, 0x0, 0x0, 0x0, 0x2e, 0xff, 0xff,
    0xff, 0xff, 0xff, 0xff, 0x10, 0x0, 0x0, 0x0,
    0x0, 0xc, 0xff, 0xff, 0xff, 0xff, 0xff, 0xff,
    0xe0, 0x0, 0x0, 0x0, 0x0, 0x9, 0xff, 0xdf,
    0xff, 0xb9, 0x99, 0x99, 0x96, 0x0, 0x0, 0x0,
    0x0, 0x5, 0xff, 0xe3, 0xff, 0xf1, 0x0, 0x0,
    0x0, 0x0, 0x0, 0x0, 0x0, 0x2, 0xff, 0xf5,
    0x4f, 0xfe, 0x0, 0x0, 0x0, 0x0, 0x0, 0x0,
    0x0, 0x0, 0xdf, 0xf9, 0x7, 0xff, 0xe8, 0x88,
    0x88, 0x81, 0x0, 0x0, 0x0, 0x0, 0x9f, 0xfc,
    0x0, 0xbf, 0xff, 0xff, 0xff, 0xff, 0x0, 0x0,
    0x0, 0x0, 0x5f, 0xff, 0x20, 0xe, 0xff, 0xff,
    0xff, 0xff, 0xc0, 0x0, 0x0, 0x0, 0x2f, 0xff,
    0xb7, 0x78, 0xff, 0xf1, 0x0, 0x0, 0x0, 0x0,
    0x0, 0x0, 0xd, 0xff, 0xff, 0xff, 0xff, 0xfe,
    0x0, 0x0, 0x0, 0x0, 0x0, 0x0, 0xa, 0xff,
    0xff, 0xff, 0xff, 0xff, 0xb0, 0x0, 0x0, 0x0,
    0x0, 0x0, 0x6, 0xff, 0xf2, 0x0, 0x0, 0xaf,
    0xfd, 0xaa, 0xaa, 0xaa, 0xa1, 0x0, 0x2, 0xff,
    0xf6, 0x0, 0x0, 0xe, 0xff, 0xff, 0xff, 0xff,
    0xff, 0x0, 0x0, 0xdf, 0xfa, 0x0, 0x0, 0x1,
    0xff, 0xff, 0xff, 0xff, 0xff, 0xc0, 0x0,

    /* U+00C7 "Ç" */
    0x0, 0x0, 0x17, 0xbe, 0xfe, 0xc8, 0x10, 0x0,
    0x0, 0x7f, 0xff, 0xff, 0xff, 0xff, 0x50, 0x0,
    0xaf, 0xff, 0xfe, 0xce, 0xff, 0xfe, 0x0, 0x8f,
    0xff, 0xa2, 0x0, 0x3, 0xdc, 0x20, 0x2f, 0xff,
    0x90, 0x0, 0x0, 0x1, 0x0, 0x8, 0xff, 0xd0,
    0x0, 0x0, 0x0, 0x0, 0x0, 0xcf, 0xf8, 0x0,
    0x0, 0x0, 0x0, 0x0, 0xe, 0xff, 0x50, 0x0,
    0x0, 0x0, 0x0, 0x0, 0xef, 0xf5, 0x0, 0x0,
    0x0, 0x0, 0x0, 0xc, 0xff, 0xb0, 0x0, 0x0,
    0x1, 0x0, 0x0, 0x7f, 0xff, 0x91, 0x0, 0x4,
    0xdb, 0x0, 0x0, 0xdf, 0xff, 0xfd, 0xce, 0xff,
    0xf9, 0x0, 0x1, 0xcf, 0xff, 0xff, 0xff, 0xfb,
    0x10, 0x0, 0x0, 0x5a, 0xff, 0xfd, 0xa4, 0x0,
    0x0, 0x0, 0x0, 0x2f, 0xa0, 0x0, 0x0, 0x0,
    0x0, 0x0, 0x5, 0xdf, 0xa0, 0x0, 0x0, 0x0,
    0x0, 0x3, 0x26, 0xfc, 0x0, 0x0, 0x0, 0x0,
    0x1, 0xff, 0xfe, 0x30, 0x0, 0x0, 0x0, 0x0,
    0x2, 0x43, 0x0, 0x0, 0x0, 0x0, 0x0,

    /* U+00C8 "È" */
    0x0, 0x0, 0x4, 0xff, 0xe1, 0x0, 0x0, 0x0,
    0x0, 0x0, 0x4f, 0xfa, 0x0, 0x0, 0x0, 0x0,
    0x0, 0x3, 0xde, 0x50, 0x0, 0x0, 0x0, 0x0,
    0x0, 0x0, 0x0, 0x0, 0x0, 0xb, 0xff, 0xff,
    0xff, 0xff, 0xfd, 0x0, 0xe, 0xff, 0xff, 0xff,
    0xff, 0xfa, 0x0, 0x2f, 0xff, 0x99, 0x99, 0x99,
    0x94, 0x0, 0x5f, 0xfe, 0x0, 0x0, 0x0, 0x0,
    0x0, 0x8f, 0xfa, 0x0, 0x0, 0x0, 0x0, 0x0,
    0xbf, 0xfc, 0x88, 0x88, 0x88, 0x0, 0x0, 0xef,
    0xff, 0xff, 0xff, 0xfc, 0x0, 0x2, 0xff, 0xff,
    0xff, 0xff, 0xf9, 0x0, 0x5, 0xff, 0xd0, 0x0,
    0x0, 0x0, 0x0, 0x8, 0xff, 0xa0, 0x0, 0x0,
    0x0, 0x0, 0xb, 0xff, 0x70, 0x0, 0x0, 0x0,
    0x0, 0xe, 0xff, 0xca, 0xaa, 0xaa, 0xa8, 0x0,
    0x1f, 0xff, 0xff, 0xff, 0xff, 0xfb, 0x0, 0x5f,
    0xff, 0xff, 0xff, 0xff, 0xf8, 0x0,

    /* U+00C9 "É" */
    0x0, 0x0, 0x0, 0x0, 0x9, 0xff, 0x91, 0x0,
    0x0, 0x0, 0x0, 0xbf, 0xd4, 0x0, 0x0, 0x0,
    0x0, 0x5, 0x86, 0x0, 0x0, 0x0, 0x0, 0x0,
    0x0, 0x0, 0x0, 0x0, 0x0, 0xb, 0xff, 0xff,
    0xff, 0xff, 0xfd, 0x0, 0xe, 0xff, 0xff, 0xff,
    0xff, 0xfa, 0x0, 0x2f, 0xff, 0x99, 0x99, 0x99,
    0x94, 0x0, 0x5f, 0xfe, 0x0, 0x0, 0x0, 0x0,
    0x0, 0x8f, 0xfa, 0x0, 0x0, 0x0, 0x0, 0x0,
    0xbf, 0xfc, 0x88, 0x88, 0x88, 0x0, 0x0, 0xef,
    0xff, 0xff, 0xff, 0xfc, 0x0, 0x2, 0xff, 0xff,
    0xff, 0xff, 0xf9, 0x0, 0x5, 0xff, 0xd0, 0x0,
    0x0, 0x0, 0x0, 0x8, 0xff, 0xa0, 0x0, 0x0,
    0x0, 0x0, 0xb, 0xff, 0x70, 0x0, 0x0, 0x0,
    0x0, 0xe, 0xff, 0xca, 0xaa, 0xaa, 0xa8, 0x0,
    0x1f, 0xff, 0xff, 0xff, 0xff, 0xfb, 0x0, 0x5f,
    0xff, 0xff, 0xff, 0xff, 0xf8, 0x0,

    /* U+00CA "Ê" */
    0x0, 0x0, 0x0, 0x8, 0xff, 0xf4, 0x0, 0x0,
    0x0, 0x1, 0xbf, 0xb7, 0xff, 0x30, 0x0, 0x0,
    0x5, 0x85, 0x0, 0x38, 0x60, 0x0, 0x0, 0x0,
    0x0, 0x0, 0x0, 0x0, 0x0, 0xb, 0xff, 0xff,
    0xff, 0xff, 0xfd, 0x0, 0xe, 0xff, 0xff, 0xff,
    0xff, 0xfa, 0x0, 0x2f, 0xff, 0x99, 0x99, 0x99,
    0x94, 0x0, 0x5f, 0xfe, 0x0, 0x0, 0x0, 0x0,
    0x0, 0x8f, 0xfa, 0x0, 0x0, 0x0, 0x0, 0x0,
    0xbf, 0xfc, 0x88, 0x88, 0x88, 0x0, 0x0, 0xef,
    0xff, 0xff, 0xff, 0xfc, 0x0, 0x2, 0xff, 0xff,
    0xff, 0xff, 0xf9, 0x0, 0x5, 0xff, 0xd0, 0x0,
    0x0, 0x0, 0x0, 0x8, 0xff, 0xa0, 0x0, 0x0,
    0x0, 0x0, 0xb, 0xff, 0x70, 0x0, 0x0, 0x0,
    0x0, 0xe, 0xff, 0xca, 0xaa, 0xaa, 0xa8, 0x0,
    0x1f, 0xff, 0xff, 0xff, 0xff, 0xfb, 0x0, 0x5f,
    0xff, 0xff, 0xff, 0xff, 0xf8, 0x0,

    /* U+00CB "Ë" */
    0x0, 0x0, 0x0, 0xaf, 0x50, 0x9f, 0x60, 0x0,
    0x0, 0x1, 0xff, 0xa0, 0xff, 0xa0, 0x0, 0x0,
    0x0, 0x8b, 0x20, 0x7b, 0x20, 0x0, 0x0, 0x0,
    0x0, 0x0, 0x0, 0x0, 0x0, 0xb, 0xff, 0xff,
    0xff, 0xff, 0xfd, 0x0, 0xe, 0xff, 0xff, 0xff,
    0xff, 0xfa, 0x0, 0x2f, 0xff, 0x99, 0x99, 0x99,
    0x94, 0x0, 0x5f, 0xfe, 0x0, 0x0, 0x0, 0x0,
    0x0, 0x8f, 0xfa, 0x0, 0x0, 0x0, 0x0, 0x0,
    0xbf, 0xfc, 0x88, 0x88, 0x88, 0x0, 0x0, 0xef,
    0xff, 0xff, 0xff, 0xfc, 0x0, 0x2, 0xff, 0xff,
    0xff, 0xff, 0xf9, 0x0, 0x5, 0xff, 0xd0, 0x0,
    0x0, 0x0, 0x0, 0x8, 0xff, 0xa0, 0x0, 0x0,
    0x0, 0x0, 0xb, 0xff, 0x70, 0x0, 0x0, 0x0,
    0x0, 0xe, 0xff, 0xca, 0xaa, 0xaa, 0xa8, 0x0,
    0x1f, 0xff, 0xff, 0xff, 0xff, 0xfb, 0x0, 0x5f,
    0xff, 0xff, 0xff, 0xff, 0xf8, 0x0,

    /* U+00CC "Ì" */
    0x1, 0xdf, 0xf4, 0x0, 0x0, 0x1c, 0xfe, 0x10,
    0x0, 0x0, 0xbe, 0xa0, 0x0, 0x0, 0x0, 0x0,
    0x0, 0xb, 0xff, 0x80, 0x0, 0xe, 0xff, 0x50,
    0x0, 0x2f, 0xff, 0x20, 0x0, 0x5f, 0xfe, 0x0,
    0x0, 0x8f, 0xfb, 0x0, 0x0, 0xbf, 0xf8, 0x0,
    0x0, 0xef, 0xf5, 0x0, 0x2, 0xff, 0xf2, 0x0,
    0x5, 0xff, 0xe0, 0x0, 0x8, 0xff, 0xb0, 0x0,
    0xb, 0xff, 0x80, 0x0, 0xe, 0xff, 0x50, 0x0,
    0x1f, 0xff, 0x20, 0x0, 0x5f, 0xff, 0x0, 0x0,

    /* U+00CD "Í" */
    0x0, 0x0, 0x4, 0xff, 0xc3, 0x0, 0x0, 0x7f,
    0xf7, 0x0, 0x0, 0x2, 0x87, 0x20, 0x0, 0x0,
    0x0, 0x0, 0x0, 0x0, 0x0, 0xb, 0xff, 0x80,
    0x0, 0x0, 0xe, 0xff, 0x50, 0x0, 0x0, 0x2f,
    0xff, 0x20, 0x0, 0x0, 0x5f, 0xfe, 0x0, 0x0,
    0x0, 0x8f, 0xfb, 0x0, 0x0, 0x0, 0xbf, 0xf8,
    0x0, 0x0, 0x0, 0xef, 0xf5, 0x0, 0x0, 0x2,
    0xff, 0xf2, 0x0, 0x0, 0x5, 0xff, 0xe0, 0x0,
    0x0, 0x8, 0xff, 0xb0, 0x0, 0x0, 0xb, 0xff,
    0x80, 0x0, 0x0, 0xe, 0xff, 0x50, 0x0, 0x0,
    0x1f, 0xff, 0x20, 0x0, 0x0, 0x5f, 0xff, 0x0,
    0x0, 0x0,

    /* U+00CE "Î" */
    0x0, 0x4, 0xff, 0xf9, 0x0, 0x0, 0x7f, 0xe6,
    0xdf, 0x70, 0x2, 0x87, 0x10, 0x17, 0x71, 0x0,
    0x0, 0x0, 0x0, 0x0, 0x0, 0xb, 0xff, 0x80,
    0x0, 0x0, 0xe, 0xff, 0x50, 0x0, 0x0, 0x2f,
    0xff, 0x20, 0x0, 0x0, 0x5f, 0xfe, 0x0, 0x0,
    0x0, 0x8f, 0xfb, 0x0, 0x0, 0x0, 0xbf, 0xf8,
    0x0, 0x0, 0x0, 0xef, 0xf5, 0x0, 0x0, 0x2,
    0xff, 0xf2, 0x0, 0x0, 0x5, 0xff, 0xe0, 0x0,
    0x0, 0x8, 0xff, 0xb0, 0x0, 0x0, 0xb, 0xff,
    0x80, 0x0, 0x0, 0xe, 0xff, 0x50, 0x0, 0x0,
    0x1f, 0xff, 0x20, 0x0, 0x0, 0x5f, 0xff, 0x0,
    0x0, 0x0,

    /* U+00CF "Ï" */
    0x0, 0x5f, 0xa0, 0x4e, 0xb0, 0x0, 0xbf, 0xf0,
    0xaf, 0xf0, 0x0, 0x4b, 0x50, 0x4b, 0x60, 0x0,
    0x0, 0x0, 0x0, 0x0, 0x0, 0xb, 0xff, 0x80,
    0x0, 0x0, 0xe, 0xff, 0x50, 0x0, 0x0, 0x2f,
    0xff, 0x20, 0x0, 0x0, 0x5f, 0xfe, 0x0, 0x0,
    0x0, 0x8f, 0xfb, 0x0, 0x0, 0x0, 0xbf, 0xf8,
    0x0, 0x0, 0x0, 0xef, 0xf5, 0x0, 0x0, 0x2,
    0xff, 0xf2, 0x0, 0x0, 0x5, 0xff, 0xe0, 0x0,
    0x0, 0x8, 0xff, 0xb0, 0x0, 0x0, 0xb, 0xff,
    0x80, 0x0, 0x0, 0xe, 0xff, 0x50, 0x0, 0x0,
    0x1f, 0xff, 0x20, 0x0, 0x0, 0x5f, 0xff, 0x0,
    0x0, 0x0,

    /* U+00D0 "Ð" */
    0x0, 0x7, 0xff, 0xff, 0xff, 0xec, 0x82, 0x0,
    0x0, 0x0, 0xaf, 0xff, 0xff, 0xff, 0xff, 0xf7,
    0x0, 0x0, 0xd, 0xff, 0xca, 0xab, 0xdf, 0xff,
    0xf5, 0x0, 0x1, 0xff, 0xf3, 0x0, 0x0, 0x3e,
    0xff, 0xe0, 0x0, 0x4f, 0xff, 0x0, 0x0, 0x0,
    0x4f, 0xff, 0x31, 0x3a, 0xff, 0xf3, 0x33, 0x0,
    0x0, 0xff, 0xf5, 0x9f, 0xff, 0xff, 0xff, 0xf1,
    0x0, 0xe, 0xff, 0x5c, 0xff, 0xff, 0xff, 0xfe,
    0x0, 0x1, 0xff, 0xf3, 0x1, 0xff, 0xf3, 0x0,
    0x0, 0x0, 0x6f, 0xff, 0x0, 0x4f, 0xff, 0x0,
    0x0, 0x0, 0x2e, 0xff, 0x90, 0x7, 0xff, 0xc0,
    0x0, 0x0, 0x5e, 0xff, 0xe1, 0x0, 0xaf, 0xfe,
    0xaa, 0xac, 0xef, 0xff, 0xf3, 0x0, 0xd, 0xff,
    0xff, 0xff, 0xff, 0xff, 0xc2, 0x0, 0x0, 0xff,
    0xff, 0xff, 0xfe, 0xd9, 0x40, 0x0, 0x0,

    /* U+00D1 "Ñ" */
    0x0, 0x0, 0x0, 0x7, 0xee, 0x81, 0x7f, 0x30,
    0x0, 0x0, 0x0, 0x4, 0xfe, 0xff, 0xff, 0xc0,
    0x0, 0x0, 0x0, 0x0, 0x7c, 0x10, 0x7c, 0x91,
    0x0, 0x0, 0x0, 0x0, 0x0, 0x0, 0x0, 0x0,
    0x0, 0x0, 0x0, 0xb, 0xff, 0x50, 0x0, 0x0,
    0x1f, 0xff, 0x10, 0x0, 0xef, 0xfe, 0x0, 0x0,
    0x4, 0xff, 0xe0, 0x0, 0x2f, 0xff, 0xf8, 0x0,
    0x0, 0x7f, 0xfb, 0x0, 0x5, 0xff, 0xff, 0xf2,
    0x0, 0xa, 0xff, 0x80, 0x0, 0x8f, 0xff, 0xff,
    0xb0, 0x0, 0xef, 0xf5, 0x0, 0xb, 0xff, 0xcf,
    0xff, 0x50, 0x1f, 0xff, 0x10, 0x0, 0xef, 0xf4,
    0xbf, 0xfe, 0x4, 0xff, 0xe0, 0x0, 0x2f, 0xff,
    0x12, 0xff, 0xf8, 0x7f, 0xfb, 0x0, 0x5, 0xff,
    0xe0, 0x8, 0xff, 0xfc, 0xff, 0x80, 0x0, 0x8f,
    0xfa, 0x0, 0xd, 0xff, 0xff, 0xf5, 0x0, 0xb,
    0xff, 0x70, 0x0, 0x5f, 0xff, 0xff, 0x10, 0x0,
    0xef, 0xf4, 0x0, 0x0, 0xbf, 0xff, 0xe0, 0x0,
    0x1f, 0xff, 0x10, 0x0, 0x2, 0xff, 0xfb, 0x0,
    0x5, 0xff, 0xe0, 0x0, 0x0, 0x8, 0xff, 0x80,
    0x0,

    /* U+00D2 "Ò" */
    0x0, 0x0, 0x0, 0xbf, 0xf6, 0x0, 0x0, 0x0,
    0x0, 0x0, 0x0, 0xb, 0xff, 0x20, 0x0, 0x0,
    0x0, 0x0, 0x0, 0x0, 0xae, 0xc0, 0x0, 0x0,
    0x0, 0x0, 0x0, 0x0, 0x0, 0x0, 0x0, 0x0,
    0x0, 0x0, 0x17, 0xce, 0xfe, 0xc8, 0x20, 0x0,
    0x0, 0x8, 0xff, 0xff, 0xff, 0xff, 0xf7, 0x0,
    0x0, 0xbf, 0xff, 0xfe, 0xdf, 0xff, 0xff, 0x60,
    0x8, 0xff, 0xfa, 0x20, 0x0, 0x4e, 0xff, 0xe0,
    0x2f, 0xff, 0x90, 0x0, 0x0, 0x3, 0xff, 0xf5,
    0x8f, 0xfd, 0x0, 0x0, 0x0, 0x0, 0xef, 0xf7,
    0xcf, 0xf8, 0x0, 0x0, 0x0, 0x0, 0xdf, 0xf7,
    0xef, 0xf5, 0x0, 0x0, 0x0, 0x0, 0xff, 0xf5,
    0xff, 0xf6, 0x0, 0x0, 0x0, 0x5, 0xff, 0xf1,
    0xcf, 0xfb, 0x0, 0x0, 0x0, 0x1e, 0xff, 0xa0,
    0x7f, 0xff, 0x91, 0x0, 0x5, 0xef, 0xff, 0x20,
    0xd, 0xff, 0xff, 0xdc, 0xff, 0xff, 0xf4, 0x0,
    0x2, 0xcf, 0xff, 0xff, 0xff, 0xfd, 0x30, 0x0,
    0x0, 0x5, 0xbe, 0xff, 0xda, 0x40, 0x0, 0x0,

    /* U+00D3 "Ó" */
    0x0, 0x0, 0x0, 0x0, 0x0, 0x68, 0x84, 0x0,
    0x0, 0x0, 0x0, 0x0, 0x7, 0xff, 0x90, 0x0,
    0x0, 0x0, 0x0, 0x0, 0x7f, 0xf5, 0x0, 0x0,
    0x0, 0x0, 0x0, 0x1, 0x88, 0x20, 0x0, 0x0,
    0x0, 0x0, 0x0, 0x0, 0x0, 0x0, 0x0, 0x0,
    0x0, 0x0, 0x17, 0xce, 0xfe, 0xc8, 0x20, 0x0,
    0x0, 0x8, 0xff, 0xff, 0xff, 0xff, 0xf7, 0x0,
    0x0, 0xbf, 0xff, 0xfe, 0xdf, 0xff, 0xff, 0x60,
    0x8, 0xff, 0xfa, 0x20, 0x0, 0x4e, 0xff, 0xe0,
    0x2f, 0xff, 0x90, 0x0, 0x0, 0x3, 0xff, 0xf5,
    0x8f, 0xfd, 0x0, 0x0, 0x0, 0x0, 0xef, 0xf7,
    0xcf, 0xf8, 0x0, 0x0, 0x0, 0x0, 0xdf, 0xf7,
    0xef, 0xf5, 0x0, 0x0, 0x0, 0x0, 0xff, 0xf5,
    0xff, 0xf6, 0x0, 0x0, 0x0, 0x5, 0xff, 0xf1,
    0xcf, 0xfb, 0x0, 0x0, 0x0, 0x1e, 0xff, 0xa0,
    0x7f, 0xff, 0x91, 0x0, 0x5, 0xef, 0xff, 0x20,
    0xd, 0xff, 0xff, 0xdc, 0xff, 0xff, 0xf4, 0x0,
    0x2, 0xcf, 0xff, 0xff, 0xff, 0xfd, 0x30, 0x0,
    0x0, 0x5, 0xbe, 0xff, 0xda, 0x40, 0x0, 0x0,

    /* U+00D4 "Ô" */
    0x0, 0x0, 0x0, 0x0, 0x58, 0x83, 0x0, 0x0,
    0x0, 0x0, 0x0, 0x7, 0xff, 0xfe, 0x10, 0x0,
    0x0, 0x0, 0x0, 0x8f, 0xd3, 0xaf, 0xb0, 0x0,
    0x0, 0x0, 0x2, 0x87, 0x10, 0x7, 0x82, 0x0,
    0x0, 0x0, 0x0, 0x0, 0x0, 0x0, 0x0, 0x0,
    0x0, 0x0, 0x17, 0xce, 0xfe, 0xc8, 0x20, 0x0,
    0x0, 0x8, 0xff, 0xff, 0xff, 0xff, 0xf7, 0x0,
    0x0, 0xbf, 0xff, 0xfe, 0xdf, 0xff, 0xff, 0x60,
    0x8, 0xff, 0xfa, 0x20, 0x0, 0x4e, 0xff, 0xe0,
    0x2f, 0xff, 0x90, 0x0, 0x0, 0x3, 0xff, 0xf5,
    0x8f, 0xfd, 0x0, 0x0, 0x0, 0x0, 0xef, 0xf7,
    0xcf, 0xf8, 0x0, 0x0, 0x0, 0x0, 0xdf, 0xf7,
    0xef, 0xf5, 0x0, 0x0, 0x0, 0x0, 0xff, 0xf5,
    0xff, 0xf6, 0x0, 0x0, 0x0, 0x5, 0xff, 0xf1,
    0xcf, 0xfb, 0x0, 0x0, 0x0, 0x1e, 0xff, 0xa0,
    0x7f, 0xff, 0x91, 0x0, 0x5, 0xef, 0xff, 0x20,
    0xd, 0xff, 0xff, 0xdc, 0xff, 0xff, 0xf4, 0x0,
    0x2, 0xcf, 0xff, 0xff, 0xff, 0xfd, 0x30, 0x0,
    0x0, 0x5, 0xbe, 0xff, 0xda, 0x40, 0x0, 0x0,

    /* U+00D5 "Õ" */
    0x0, 0x0, 0x0, 0x9, 0xc4, 0x0, 0xc8, 0x0,
    0x0, 0x0, 0x0, 0xaf, 0xff, 0x54, 0xf6, 0x0,
    0x0, 0x0, 0x1, 0xfa, 0x1d, 0xff, 0xe0, 0x0,
    0x0, 0x0, 0x3, 0xc3, 0x1, 0xaa, 0x20, 0x0,
    0x0, 0x0, 0x0, 0x0, 0x0, 0x0, 0x0, 0x0,
    0x0, 0x0, 0x17, 0xce, 0xfe, 0xc8, 0x20, 0x0,
    0x0, 0x8, 0xff, 0xff, 0xff, 0xff, 0xf7, 0x0,
    0x0, 0xbf, 0xff, 0xfe, 0xdf, 0xff, 0xff, 0x60,
    0x8, 0xff, 0xfa, 0x20, 0x0, 0x4e, 0xff, 0xe0,
    0x2f, 0xff, 0x90, 0x0, 0x0, 0x3, 0xff, 0xf5,
    0x8f, 0xfd, 0x0, 0x0, 0x0, 0x0, 0xef, 0xf7,
    0xcf, 0xf8, 0x0, 0x0, 0x0, 0x0, 0xdf, 0xf7,
    0xef, 0xf5, 0x0, 0x0, 0x0, 0x0, 0xff, 0xf5,
    0xff, 0xf6, 0x0, 0x0, 0x0, 0x5, 0xff, 0xf1,
    0xcf, 0xfb, 0x0, 0x0, 0x0, 0x1e, 0xff, 0xa0,
    0x7f, 0xff, 0x91, 0x0, 0x5, 0xef, 0xff, 0x20,
    0xd, 0xff, 0xff, 0xdc, 0xff, 0xff, 0xf4, 0x0,
    0x2, 0xcf, 0xff, 0xff, 0xff, 0xfd, 0x30, 0x0,
    0x0, 0x5, 0xbe, 0xff, 0xda, 0x40, 0x0, 0x0,

    /* U+00D6 "Ö" */
    0x0, 0x0, 0x0, 0x3e, 0xc0, 0x3e, 0xc0, 0x0,
    0x0, 0x0, 0x0, 0x9f, 0xf1, 0x8f, 0xf2, 0x0,
    0x0, 0x0, 0x0, 0x3b, 0x70, 0x2b, 0x70, 0x0,
    0x0, 0x0, 0x0, 0x0, 0x0, 0x0, 0x0, 0x0,
    0x0, 0x0, 0x17, 0xce, 0xfe, 0xc8, 0x20, 0x0,
    0x0, 0x8, 0xff, 0xff, 0xff, 0xff, 0xf7, 0x0,
    0x0, 0xbf, 0xff, 0xfe, 0xdf, 0xff, 0xff, 0x60,
    0x8, 0xff, 0xfa, 0x20, 0x0, 0x4e, 0xff, 0xe0,
    0x2f, 0xff, 0x90, 0x0, 0x0, 0x3, 0xff, 0xf5,
    0x8f, 0xfd, 0x0, 0x0, 0x0, 0x0, 0xef, 0xf7,
    0xcf, 0xf8, 0x0, 0x0, 0x0, 0x0, 0xdf, 0xf7,
    0xef, 0xf5, 0x0, 0x0, 0x0, 0x0, 0xff, 0xf5,
    0xff, 0xf6, 0x0, 0x0, 0x0, 0x5, 0xff, 0xf1,
    0xcf, 0xfb, 0x0, 0x0, 0x0, 0x1e, 0xff, 0xa0,
    0x7f, 0xff, 0x91, 0x0, 0x5, 0xef, 0xff, 0x20,
    0xd, 0xff, 0xff, 0xdc, 0xff, 0xff, 0xf4, 0x0,
    0x2, 0xcf, 0xff, 0xff, 0xff, 0xfd, 0x30, 0x0,
    0x0, 0x5, 0xbe, 0xff, 0xda, 0x40, 0x0, 0x0,

    /* U+00D7 "×" */
    0x0, 0x1, 0x0, 0x0, 0x10, 0x0, 0x9e, 0x10,
    0x9, 0xe1, 0x4, 0xff, 0xd1, 0xbf, 0xf9, 0x0,
    0x9f, 0xff, 0xff, 0xb0, 0x0, 0xb, 0xff, 0xf9,
    0x0, 0x0, 0x3e, 0xff, 0xf7, 0x0, 0x4, 0xff,
    0xfe, 0xff, 0x40, 0xe, 0xff, 0x43, 0xff, 0xe0,
    0x4, 0xe3, 0x0, 0x4e, 0x30, 0x0, 0x0, 0x0,
    0x0, 0x0,

    /* U+00D8 "Ø" */
    0x0, 0x0, 0x0, 0x0, 0x0, 0x0, 0x8f, 0xc0,
    0x0, 0x0, 0x0, 0x0, 0x0, 0x4, 0xff, 0x20,
    0x0, 0x0, 0x17, 0xce, 0xfe, 0xef, 0xf5, 0x0,
    0x0, 0x8, 0xff, 0xff, 0xff, 0xff, 0xf7, 0x0,
    0x0, 0xbf, 0xff, 0xfe, 0xdf, 0xff, 0xff, 0x60,
    0x8, 0xff, 0xfa, 0x20, 0x3f, 0xff, 0xff, 0xe0,
    0x2f, 0xff, 0x90, 0x0, 0xdf, 0x63, 0xff, 0xf5,
    0x8f, 0xfd, 0x0, 0xa, 0xfa, 0x0, 0xef, 0xf7,
    0xcf, 0xf8, 0x0, 0x6f, 0xe1, 0x0, 0xdf, 0xf7,
    0xef, 0xf5, 0x2, 0xff, 0x30, 0x0, 0xff, 0xf5,
    0xff, 0xf6, 0xd, 0xf7, 0x0, 0x5, 0xff, 0xf1,
    0xcf, 0xfb, 0x9f, 0xb0, 0x0, 0x1e, 0xff, 0xa0,
    0x7f, 0xff, 0xff, 0x10, 0x5, 0xef, 0xff, 0x20,
    0xd, 0xff, 0xff, 0xdc, 0xff, 0xff, 0xf4, 0x0,
    0x2, 0xff, 0xff, 0xff, 0xff, 0xfd, 0x30, 0x0,
    0x8, 0xff, 0xbe, 0xff, 0xda, 0x40, 0x0, 0x0,
    0x4f, 0xe1, 0x0, 0x0, 0x0, 0x0, 0x0, 0x0,

    /* U+00D9 "Ù" */
    0x0, 0x0, 0x7, 0xff, 0xb0, 0x0, 0x0, 0x0,
    0x0, 0x0, 0x6, 0xff, 0x70, 0x0, 0x0, 0x0,
    0x0, 0x0, 0x6, 0xee, 0x20, 0x0, 0x0, 0x0,
    0x0, 0x0, 0x0, 0x0, 0x0, 0x0, 0x0, 0xff,
    0xf3, 0x0, 0x0, 0x8, 0xff, 0xa0, 0x3f, 0xff,
    0x0, 0x0, 0x0, 0xbf, 0xf7, 0x6, 0xff, 0xd0,
    0x0, 0x0, 0xf, 0xff, 0x40, 0xaf, 0xf9, 0x0,
    0x0, 0x2, 0xff, 0xf0, 0xd, 0xff, 0x60, 0x0,
    0x0, 0x5f, 0xfd, 0x0, 0xff, 0xf3, 0x0, 0x0,
    0x9, 0xff, 0xa0, 0x3f, 0xff, 0x0, 0x0, 0x0,
    0xcf, 0xf6, 0x7, 0xff, 0xc0, 0x0, 0x0, 0xf,
    0xff, 0x30, 0x8f, 0xfa, 0x0, 0x0, 0x4, 0xff,
    0xf0, 0x9, 0xff, 0xb0, 0x0, 0x0, 0xaf, 0xfa,
    0x0, 0x6f, 0xff, 0x50, 0x0, 0x8f, 0xff, 0x30,
    0x1, 0xff, 0xff, 0xec, 0xff, 0xff, 0x90, 0x0,
    0x5, 0xff, 0xff, 0xff, 0xff, 0xa0, 0x0, 0x0,
    0x2, 0x9d, 0xff, 0xda, 0x40, 0x0, 0x0,

    /* U+00DA "Ú" */
    0x0, 0x0, 0x0, 0x0, 0x3, 0x88, 0x60, 0x0,
    0x0, 0x0, 0x0, 0x3, 0xff, 0xc2, 0x0, 0x0,
    0x0, 0x0, 0x3, 0xff, 0x90, 0x0, 0x0, 0x0,
    0x0, 0x0, 0x78, 0x50, 0x0, 0x0, 0x0, 0x0,
    0x0, 0x0, 0x0, 0x0, 0x0, 0x0, 0xf, 0xff,
    0x30, 0x0, 0x0, 0x8f, 0xfa, 0x3, 0xff, 0xf0,
    0x0, 0x0, 0xb, 0xff, 0x70, 0x6f, 0xfd, 0x0,
    0x0, 0x0, 0xff, 0xf4, 0xa, 0xff, 0x90, 0x0,
    0x0, 0x2f, 0xff, 0x0, 0xdf, 0xf6, 0x0, 0x0,
    0x5, 0xff, 0xd0, 0xf, 0xff, 0x30, 0x0, 0x0,
    0x9f, 0xfa, 0x3, 0xff, 0xf0, 0x0, 0x0, 0xc,
    0xff, 0x60, 0x7f, 0xfc, 0x0, 0x0, 0x0, 0xff,
    0xf3, 0x8, 0xff, 0xa0, 0x0, 0x0, 0x4f, 0xff,
    0x0, 0x9f, 0xfb, 0x0, 0x0, 0xa, 0xff, 0xa0,
    0x6, 0xff, 0xf5, 0x0, 0x8, 0xff, 0xf3, 0x0,
    0x1f, 0xff, 0xfe, 0xcf, 0xff, 0xf9, 0x0, 0x0,
    0x5f, 0xff, 0xff, 0xff, 0xfa, 0x0, 0x0, 0x0,
    0x29, 0xdf, 0xfd, 0xa4, 0x0, 0x0, 0x0,

    /* U+00DB "Û" */
    0x0, 0x0, 0x0, 0x3, 0x88, 0x50, 0x0, 0x0,
    0x0, 0x0, 0x4, 0xff, 0xff, 0x40, 0x0, 0x0,
    0x0, 0x4, 0xff, 0x66, 0xfe, 0x10, 0x0, 0x0,
    0x0, 0x78, 0x30, 0x5, 0x84, 0x0, 0x0, 0x0,
    0x0, 0x0, 0x0, 0x0, 0x0, 0x0, 0xf, 0xff,
    0x30, 0x0, 0x0, 0x8f, 0xfa, 0x3, 0xff, 0xf0,
    0x0, 0x0, 0xb, 0xff, 0x70, 0x6f, 0xfd, 0x0,
    0x0, 0x0, 0xff, 0xf4, 0xa, 0xff, 0x90, 0x0,
    0x0, 0x2f, 0xff, 0x0, 0xdf, 0xf6, 0x0, 0x0,
    0x5, 0xff, 0xd0, 0xf, 0xff, 0x30, 0x0, 0x0,
    0x9f, 0xfa, 0x3, 0xff, 0xf0, 0x0, 0x0, 0xc,
    0xff, 0x60, 0x7f, 0xfc, 0x0, 0x0, 0x0, 0xff,
    0xf3, 0x8, 0xff, 0xa0, 0x0, 0x0, 0x4f, 0xff,
    0x0, 0x9f, 0xfb, 0x0, 0x0, 0xa, 0xff, 0xa0,
    0x6, 0xff, 0xf5, 0x0, 0x8, 0xff, 0xf3, 0x0,
    0x1f, 0xff, 0xfe, 0xcf, 0xff, 0xf9, 0x0, 0x0,
    0x5f, 0xff, 0xff, 0xff, 0xfa, 0x0, 0x0, 0x0,
    0x29, 0xdf, 0xfd, 0xa4, 0x0, 0x0, 0x0,

    /* U+00DC "Ü" */
    0x0, 0x0, 0x0, 0xce, 0x30, 0xce, 0x30, 0x0,
    0x0, 0x0, 0x4f, 0xf6, 0x3f, 0xf7, 0x0, 0x0,
    0x0, 0x0, 0xaa, 0x0, 0xaa, 0x10, 0x0, 0x0,
    0x0, 0x0, 0x0, 0x0, 0x0, 0x0, 0x0, 0xff,
    0xf3, 0x0, 0x0, 0x8, 0xff, 0xa0, 0x3f, 0xff,
    0x0, 0x0, 0x0, 0xbf, 0xf7, 0x6, 0xff, 0xd0,
    0x0, 0x0, 0xf, 0xff, 0x40, 0xaf, 0xf9, 0x0,
    0x0, 0x2, 0xff, 0xf0, 0xd, 0xff, 0x60, 0x0,
    0x0, 0x5f, 0xfd, 0x0, 0xff, 0xf3, 0x0, 0x0,
    0x9, 0xff, 0xa0, 0x3f, 0xff, 0x0, 0x0, 0x0,
    0xcf, 0xf6, 0x7, 0xff, 0xc0, 0x0, 0x0, 0xf,
    0xff, 0x30, 0x8f, 0xfa, 0x0, 0x0, 0x4, 0xff,
    0xf0, 0x9, 0xff, 0xb0, 0x0, 0x0, 0xaf, 0xfa,
    0x0, 0x6f, 0xff, 0x50, 0x0, 0x8f, 0xff, 0x30,
    0x1, 0xff, 0xff, 0xec, 0xff, 0xff, 0x90, 0x0,
    0x5, 0xff, 0xff, 0xff, 0xff, 0xa0, 0x0, 0x0,
    0x2, 0x9d, 0xff, 0xda, 0x40, 0x0, 0x0,

    /* U+00DD "Ý" */
    0x0, 0x0, 0x0, 0x0, 0x8f, 0xfa, 0x10, 0x0,
    0x0, 0x0, 0x0, 0xbf, 0xd4, 0x0, 0x0, 0x0,
    0x0, 0x0, 0x58, 0x70, 0x0, 0x0, 0x0, 0x0,
    0x0, 0x0, 0x0, 0x0, 0x0, 0x0, 0x2f, 0xff,
    0x10, 0x0, 0x0, 0x1e, 0xff, 0x50, 0xcf, 0xf7,
    0x0, 0x0, 0xc, 0xff, 0x80, 0x5, 0xff, 0xd0,
    0x0, 0x9, 0xff, 0xb0, 0x0, 0xe, 0xff, 0x40,
    0x6, 0xff, 0xd1, 0x0, 0x0, 0x9f, 0xfa, 0x3,
    0xff, 0xf3, 0x0, 0x0, 0x2, 0xff, 0xf3, 0xef,
    0xf5, 0x0, 0x0, 0x0, 0xc, 0xff, 0xff, 0xf8,
    0x0, 0x0, 0x0, 0x0, 0x5f, 0xff, 0xfb, 0x0,
    0x0, 0x0, 0x0, 0x0, 0xef, 0xfe, 0x10, 0x0,
    0x0, 0x0, 0x0, 0xd, 0xff, 0x60, 0x0, 0x0,
    0x0, 0x0, 0x0, 0xff, 0xf3, 0x0, 0x0, 0x0,
    0x0, 0x0, 0x4f, 0xff, 0x0, 0x0, 0x0, 0x0,
    0x0, 0x7, 0xff, 0xc0, 0x0, 0x0, 0x0, 0x0,
    0x0, 0xaf, 0xf9, 0x0, 0x0, 0x0, 0x0,

    /* U+00DE "Þ" */
    0x0, 0xb, 0xff, 0x80, 0x0, 0x0, 0x0, 0x0,
    0x0, 0xef, 0xfc, 0xaa, 0x97, 0x30, 0x0, 0x0,
    0x2f, 0xff, 0xff, 0xff, 0xff, 0xa0, 0x0, 0x5,
    0xff, 0xff, 0xff, 0xff, 0xff, 0x90, 0x0, 0x8f,
    0xfb, 0x0, 0x3, 0xcf, 0xff, 0x0, 0xb, 0xff,
    0x80, 0x0, 0x2, 0xff, 0xf2, 0x0, 0xef, 0xf4,
    0x0, 0x0, 0x2f, 0xff, 0x20, 0x2f, 0xff, 0x10,
    0x0, 0x7, 0xff, 0xf0, 0x5, 0xff, 0xe0, 0x0,
    0x17, 0xff, 0xf9, 0x0, 0x8f, 0xff, 0xff, 0xff,
    0xff, 0xfd, 0x0, 0xb, 0xff, 0xff, 0xff, 0xff,
    0xfa, 0x10, 0x0, 0xef, 0xfb, 0xaa, 0xa8, 0x61,
    0x0, 0x0, 0x1f, 0xff, 0x20, 0x0, 0x0, 0x0,
    0x0, 0x5, 0xff, 0xe0, 0x0, 0x0, 0x0, 0x0,
    0x0,

    /* U+00DF "ß" */
    0x0, 0x0, 0x5, 0xbe, 0xfd, 0xa2, 0x0, 0x0,
    0x0, 0xaf, 0xff, 0xff, 0xff, 0x40, 0x0, 0x9,
    0xff, 0xfb, 0x9e, 0xff, 0xd0, 0x0, 0x2f, 0xff,
    0x30, 0x1, 0xff, 0xf0, 0x0, 0x7f, 0xfa, 0x0,
    0x0, 0xff, 0xf0, 0x0, 0xbf, 0xf6, 0x0, 0x7,
    0xff, 0xa0, 0x0, 0xff, 0xf3, 0x7, 0xcf, 0xfe,
    0x10, 0x2, 0xff, 0xf0, 0xf, 0xff, 0xf6, 0x0,
    0x5, 0xff, 0xc0, 0x3f, 0xff, 0xff, 0x50, 0x8,
    0xff, 0x90, 0x0, 0x1a, 0xff, 0xd0, 0xb, 0xff,
    0x60, 0x0, 0x3, 0xff, 0xe0, 0xf, 0xff, 0x20,
    0x0, 0x8, 0xff, 0xc0, 0x2f, 0xff, 0x6, 0xa9,
    0xcf, 0xff, 0x50, 0x5f, 0xfc, 0xd, 0xff, 0xff,
    0xf8, 0x0, 0x8f, 0xf9, 0xc, 0xef, 0xea, 0x40,
    0x0,

    /* U+00E0 "à" */
    0x0, 0x0, 0xb, 0xff, 0x60, 0x0, 0x0, 0x0,
    0x0, 0x0, 0xbf, 0xf2, 0x0, 0x0, 0x0, 0x0,
    0x0, 0xa, 0xeb, 0x0, 0x0, 0x0, 0x0, 0x0,
    0x0, 0x0, 0x0, 0x0, 0x0, 0x2, 0x9d, 0xfe,
    0x91, 0xcf, 0xf5, 0x0, 0x5f, 0xff, 0xff, 0xfd,
    0xff, 0xf2, 0x3, 0xff, 0xfe, 0xaa, 0xff, 0xff,
    0xf0, 0xc, 0xff, 0xb0, 0x0, 0x2f, 0xff, 0xc0,
    0x2f, 0xff, 0x10, 0x0, 0xb, 0xff, 0x80, 0x5f,
    0xfc, 0x0, 0x0, 0xb, 0xff, 0x50, 0x5f, 0xfc,
    0x0, 0x0, 0xe, 0xff, 0x20, 0x3f, 0xff, 0x30,
    0x0, 0xaf, 0xff, 0x0, 0xd, 0xff, 0xfb, 0xae,
    0xff, 0xfc, 0x0, 0x3, 0xff, 0xff, 0xff, 0xff,
    0xf9, 0x0, 0x0, 0x2a, 0xef, 0xd6, 0x9f, 0xf6,
    0x0,

    /* U+00E1 "á" */
    0x0, 0x0, 0x0, 0x0, 0x6, 0x88, 0x40, 0x0,
    0x0, 0x0, 0x0, 0x8f, 0xf9, 0x0, 0x0, 0x0,
    0x0, 0x8, 0xff, 0x50, 0x0, 0x0, 0x0, 0x0,
    0x28, 0x82, 0x0, 0x0, 0x0, 0x0, 0x0, 0x0,
    0x0, 0x0, 0x0, 0x0, 0x2, 0x9d, 0xfe, 0x91,
    0xcf, 0xf5, 0x0, 0x5f, 0xff, 0xff, 0xfd, 0xff,
    0xf2, 0x3, 0xff, 0xfe, 0xaa, 0xff, 0xff, 0xf0,
    0xc, 0xff, 0xb0, 0x0, 0x2f, 0xff, 0xc0, 0x2f,
    0xff, 0x10, 0x0, 0xb, 0xff, 0x80, 0x5f, 0xfc,
    0x0, 0x0, 0xb, 0xff, 0x50, 0x5f, 0xfc, 0x0,
    0x0, 0xe, 0xff, 0x20, 0x3f, 0xff, 0x30, 0x0,
    0xaf, 0xff, 0x0, 0xd, 0xff, 0xfb, 0xae, 0xff,
    0xfc, 0x0, 0x3, 0xff, 0xff, 0xff, 0xff, 0xf9,
    0x0, 0x0, 0x2a, 0xef, 0xd6, 0x9f, 0xf6, 0x0,

    /* U+00E2 "â" */
    0x0, 0x0, 0x0, 0x6, 0x88, 0x20, 0x0, 0x0,
    0x0, 0x0, 0xaf, 0xff, 0xd0, 0x0, 0x0, 0x0,
    0xa, 0xfc, 0x2c, 0xf9, 0x0, 0x0, 0x0, 0x38,
    0x70, 0x1, 0x77, 0x10, 0x0, 0x0, 0x0, 0x0,
    0x0, 0x0, 0x0, 0x0, 0x2, 0x9d, 0xfe, 0x91,
    0xcf, 0xf5, 0x0, 0x5f, 0xff, 0xff, 0xfd, 0xff,
    0xf2, 0x3, 0xff, 0xfe, 0xaa, 0xff, 0xff, 0xf0,
    0xc, 0xff, 0xb0, 0x0, 0x2f, 0xff, 0xc0, 0x2f,
    0xff, 0x10, 0x0, 0xb, 0xff, 0x80, 0x5f, 0xfc,
    0x0, 0x0, 0xb, 0xff, 0x50, 0x5f, 0xfc, 0x0,
    0x0, 0xe, 0xff, 0x20, 0x3f, 0xff, 0x30, 0x0,
    0xaf, 0xff, 0x0, 0xd, 0xff, 0xfb, 0xae, 0xff,
    0xfc, 0x0, 0x3, 0xff, 0xff, 0xff, 0xff, 0xf9,
    0x0, 0x0, 0x2a, 0xef, 0xd6, 0x9f, 0xf6, 0x0,

    /* U+00E3 "ã" */
    0x0, 0x0, 0x3, 0xdf, 0xa2, 0x3f, 0x80, 0x0,
    0x0, 0xe, 0xfe, 0xff, 0xff, 0x20, 0x0, 0x0,
    0x3c, 0x40, 0x5b, 0xb3, 0x0, 0x0, 0x0, 0x0,
    0x0, 0x0, 0x0, 0x0, 0x0, 0x2, 0x9d, 0xfe,
    0x91, 0xcf, 0xf5, 0x0, 0x5f, 0xff, 0xff, 0xfd,
    0xff, 0xf2, 0x3, 0xff, 0xfe, 0xaa, 0xff, 0xff,
    0xf0, 0xc, 0xff, 0xb0, 0x0, 0x2f, 0xff, 0xc0,
    0x2f, 0xff, 0x10, 0x0, 0xb, 0xff, 0x80, 0x5f,
    0xfc, 0x0, 0x0, 0xb, 0xff, 0x50, 0x5f, 0xfc,
    0x0, 0x0, 0xe, 0xff, 0x20, 0x3f, 0xff, 0x30,
    0x0, 0xaf, 0xff, 0x0, 0xd, 0xff, 0xfb, 0xae,
    0xff, 0xfc, 0x0, 0x3, 0xff, 0xff, 0xff, 0xff,
    0xf9, 0x0, 0x0, 0x2a, 0xef, 0xd6, 0x9f, 0xf6,
    0x0,

    /* U+00E4 "ä" */
    0x0, 0x0, 0x5, 0xfa, 0x4, 0xeb, 0x0, 0x0,
    0x0, 0xc, 0xff, 0xb, 0xff, 0x0, 0x0, 0x0,
    0x4, 0xb5, 0x4, 0xb5, 0x0, 0x0, 0x0, 0x0,
    0x0, 0x0, 0x0, 0x0, 0x0, 0x2, 0x9d, 0xfe,
    0x91, 0xcf, 0xf5, 0x0, 0x5f, 0xff, 0xff, 0xfd,
    0xff, 0xf2, 0x3, 0xff, 0xfe, 0xaa, 0xff, 0xff,
    0xf0, 0xc, 0xff, 0xb0, 0x0, 0x2f, 0xff, 0xc0,
    0x2f, 0xff, 0x10, 0x0, 0xb, 0xff, 0x80, 0x5f,
    0xfc, 0x0, 0x0, 0xb, 0xff, 0x50, 0x5f, 0xfc,
    0x0, 0x0, 0xe, 0xff, 0x20, 0x3f, 0xff, 0x30,
    0x0, 0xaf, 0xff, 0x0, 0xd, 0xff, 0xfb, 0xae,
    0xff, 0xfc, 0x0, 0x3, 0xff, 0xff, 0xff, 0xff,
    0xf9, 0x0, 0x0, 0x2a, 0xef, 0xd6, 0x9f, 0xf6,
    0x0,

    /* U+00E5 "å" */
    0x0, 0x0, 0x0, 0x9, 0xfd, 0x30, 0x0, 0x0,
    0x0, 0x0, 0x7e, 0x49, 0xe0, 0x0, 0x0, 0x0,
    0x0, 0xa9, 0x1, 0xf3, 0x0, 0x0, 0x0, 0x0,
    0x8d, 0x16, 0xf1, 0x0, 0x0, 0x0, 0x0, 0x1c,
    0xff, 0x60, 0x0, 0x0, 0x0, 0x0, 0x0, 0x21,
    0x0, 0x0, 0x0, 0x2, 0x9d, 0xfe, 0x91, 0xcf,
    0xf5, 0x0, 0x5f, 0xff, 0xff, 0xfd, 0xff, 0xf2,
    0x3, 0xff, 0xfe, 0xaa, 0xff, 0xff, 0xf0, 0xc,
    0xff, 0xb0, 0x0, 0x2f, 0xff, 0xc0, 0x2f, 0xff,
    0x10, 0x0, 0xb, 0xff, 0x80, 0x5f, 0xfc, 0x0,
    0x0, 0xb, 0xff, 0x50, 0x5f, 0xfc, 0x0, 0x0,
    0xe, 0xff, 0x20, 0x3f, 0xff, 0x30, 0x0, 0xaf,
    0xff, 0x0, 0xd, 0xff, 0xfb, 0xae, 0xff, 0xfc,
    0x0, 0x3, 0xff, 0xff, 0xff, 0xff, 0xf9, 0x0,
    0x0, 0x2a, 0xef, 0xd6, 0x9f, 0xf6, 0x0,

    /* U+00E6 "æ" */
    0x0, 0x28, 0xcf, 0xfe, 0xa3, 0x5, 0xbf, 0xfd,
    0x92, 0x0, 0x0, 0xff, 0xff, 0xff, 0xff, 0xbf,
    0xff, 0xff, 0xff, 0x40, 0x0, 0x9e, 0xa8, 0x9e,
    0xff, 0xff, 0xd9, 0x9d, 0xff, 0xe0, 0x0, 0x0,
    0x0, 0x1, 0xff, 0xf9, 0x0, 0x0, 0xcf, 0xf4,
    0x0, 0x5a, 0xcd, 0xdd, 0xff, 0xfd, 0xdd, 0xdd,
    0xef, 0xf6, 0xc, 0xff, 0xff, 0xff, 0xff, 0xff,
    0xff, 0xff, 0xff, 0xf4, 0x6f, 0xfc, 0x20, 0x7,
    0xff, 0xf0, 0x0, 0x0, 0x0, 0x0, 0xaf, 0xf6,
    0x0, 0xc, 0xff, 0xf5, 0x0, 0x0, 0x50, 0x0,
    0x9f, 0xfc, 0x32, 0xaf, 0xff, 0xff, 0xb8, 0x9e,
    0xf4, 0x0, 0x2f, 0xff, 0xff, 0xff, 0x99, 0xff,
    0xff, 0xff, 0xfa, 0x0, 0x2, 0x9d, 0xfe, 0xb5,
    0x0, 0x5b, 0xef, 0xeb, 0x50, 0x0,

    /* U+00E7 "ç" */
    0x0, 0x1, 0x7c, 0xef, 0xd8, 0x10, 0x0, 0x4e,
    0xff, 0xff, 0xff, 0xe2, 0x2, 0xff, 0xfe, 0xaa,
    0xff, 0xfb, 0xc, 0xff, 0xb0, 0x0, 0x2d, 0x70,
    0x2f, 0xff, 0x10, 0x0, 0x0, 0x0, 0x5f, 0xfc,
    0x0, 0x0, 0x0, 0x0, 0x6f, 0xfc, 0x0, 0x0,
    0x0, 0x0, 0x3f, 0xff, 0x40, 0x0, 0x99, 0x10,
    0xd, 0xff, 0xfb, 0xad, 0xff, 0xd0, 0x2, 0xef,
    0xff, 0xff, 0xfe, 0x40, 0x0, 0x18, 0xef, 0xfd,
    0x81, 0x0, 0x0, 0x0, 0x8f, 0x30, 0x0, 0x0,
    0x0, 0x0, 0xaf, 0xf3, 0x0, 0x0, 0x0, 0x4,
    0x2c, 0xf5, 0x0, 0x0, 0x0, 0x7f, 0xff, 0xb0,
    0x0, 0x0, 0x0, 0x4, 0x42, 0x0, 0x0, 0x0,

    /* U+00E8 "è" */
    0x0, 0x0, 0x8f, 0xfa, 0x0, 0x0, 0x0, 0x0,
    0x0, 0x7f, 0xf6, 0x0, 0x0, 0x0, 0x0, 0x0,
    0x6e, 0xd2, 0x0, 0x0, 0x0, 0x0, 0x0, 0x0,
    0x0, 0x0, 0x0, 0x1, 0x8d, 0xff, 0xc7, 0x0,
    0x0, 0x4, 0xef, 0xff, 0xff, 0xfd, 0x10, 0x3,
    0xff, 0xf9, 0x67, 0xdf, 0xf9, 0x0, 0xcf, 0xf4,
    0x0, 0x0, 0xff, 0xe0, 0x2f, 0xff, 0xdd, 0xdd,
    0xdf, 0xff, 0x5, 0xff, 0xff, 0xff, 0xff, 0xff,
    0xf0, 0x5f, 0xfb, 0x0, 0x0, 0x0, 0x0, 0x3,
    0xff, 0xf3, 0x0, 0x1, 0x40, 0x0, 0xd, 0xff,
    0xfa, 0x8a, 0xfe, 0x0, 0x0, 0x2e, 0xff, 0xff,
    0xff, 0xf5, 0x0, 0x0, 0x18, 0xdf, 0xfd, 0xa3,
    0x0, 0x0,

    /* U+00E9 "é" */
    0x0, 0x0, 0x0, 0x0, 0x38, 0x86, 0x0, 0x0,
    0x0, 0x0, 0x4f, 0xfc, 0x10, 0x0, 0x0, 0x0,
    0x4f, 0xf9, 0x0, 0x0, 0x0, 0x0, 0x7, 0x84,
    0x0, 0x0, 0x0, 0x0, 0x0, 0x0, 0x0, 0x0,
    0x0, 0x0, 0x18, 0xdf, 0xfc, 0x70, 0x0, 0x0,
    0x4e, 0xff, 0xff, 0xff, 0xd1, 0x0, 0x3f, 0xff,
    0x96, 0x7d, 0xff, 0x90, 0xc, 0xff, 0x40, 0x0,
    0xf, 0xfe, 0x2, 0xff, 0xfd, 0xdd, 0xdd, 0xff,
    0xf0, 0x5f, 0xff, 0xff, 0xff, 0xff, 0xff, 0x5,
    0xff, 0xb0, 0x0, 0x0, 0x0, 0x0, 0x3f, 0xff,
    0x30, 0x0, 0x14, 0x0, 0x0, 0xdf, 0xff, 0xa8,
    0xaf, 0xe0, 0x0, 0x2, 0xef, 0xff, 0xff, 0xff,
    0x50, 0x0, 0x1, 0x8d, 0xff, 0xda, 0x30, 0x0,

    /* U+00EA "ê" */
    0x0, 0x0, 0x0, 0x48, 0x84, 0x0, 0x0, 0x0,
    0x0, 0x6f, 0xff, 0xf2, 0x0, 0x0, 0x0, 0x6f,
    0xe4, 0x9f, 0xd0, 0x0, 0x0, 0x17, 0x72, 0x0,
    0x68, 0x30, 0x0, 0x0, 0x0, 0x0, 0x0, 0x0,
    0x0, 0x0, 0x18, 0xdf, 0xfc, 0x70, 0x0, 0x0,
    0x4e, 0xff, 0xff, 0xff, 0xd1, 0x0, 0x3f, 0xff,
    0x96, 0x7d, 0xff, 0x90, 0xc, 0xff, 0x40, 0x0,
    0xf, 0xfe, 0x2, 0xff, 0xfd, 0xdd, 0xdd, 0xff,
    0xf0, 0x5f, 0xff, 0xff, 0xff, 0xff, 0xff, 0x5,
    0xff, 0xb0, 0x0, 0x0, 0x0, 0x0, 0x3f, 0xff,
    0x30, 0x0, 0x14, 0x0, 0x0, 0xdf, 0xff, 0xa8,
    0xaf, 0xe0, 0x0, 0x2, 0xef, 0xff, 0xff, 0xff,
    0x50, 0x0, 0x1, 0x8d, 0xff, 0xda, 0x30, 0x0,

    /* U+00EB "ë" */
    0x0, 0x0, 0x2d, 0xd1, 0x1d, 0xd1, 0x0, 0x0,
    0x7, 0xff, 0x36, 0xff, 0x40, 0x0, 0x0, 0x2b,
    0x80, 0x1b, 0x80, 0x0, 0x0, 0x0, 0x0, 0x0,
    0x0, 0x0, 0x0, 0x1, 0x8d, 0xff, 0xc7, 0x0,
    0x0, 0x4, 0xef, 0xff, 0xff, 0xfd, 0x10, 0x3,
    0xff, 0xf9, 0x67, 0xdf, 0xf9, 0x0, 0xcf, 0xf4,
    0x0, 0x0, 0xff, 0xe0, 0x2f, 0xff, 0xdd, 0xdd,
    0xdf, 0xff, 0x5, 0xff, 0xff, 0xff, 0xff, 0xff,
    0xf0, 0x5f, 0xfb, 0x0, 0x0, 0x0, 0x0, 0x3,
    0xff, 0xf3, 0x0, 0x1, 0x40, 0x0, 0xd, 0xff,
    0xfa, 0x8a, 0xfe, 0x0, 0x0, 0x2e, 0xff, 0xff,
    0xff, 0xf5, 0x0, 0x0, 0x18, 0xdf, 0xfd, 0xa3,
    0x0, 0x0,

    /* U+00EC "ì" */
    0xb, 0xff, 0x60, 0x0, 0xb, 0xff, 0x20, 0x0,
    0xa, 0xeb, 0x0, 0x0, 0x0, 0x0, 0x0, 0x9f,
    0xf8, 0x0, 0xc, 0xff, 0x50, 0x0, 0xff, 0xf2,
    0x0, 0x2f, 0xff, 0x0, 0x5, 0xff, 0xb0, 0x0,
    0x8f, 0xf8, 0x0, 0xc, 0xff, 0x50, 0x0, 0xff,
    0xf2, 0x0, 0x2f, 0xff, 0x0, 0x5, 0xff, 0xc0,
    0x0, 0x8f, 0xf9, 0x0, 0x0,

    /* U+00ED "í" */
    0x0, 0x0, 0x1e, 0xff, 0x50, 0x0, 0x1e, 0xfd,
    0x20, 0x0, 0x1e, 0xfa, 0x0, 0x0, 0x0, 0x0,
    0x0, 0x0, 0x0, 0x9f, 0xf8, 0x0, 0x0, 0xc,
    0xff, 0x50, 0x0, 0x0, 0xff, 0xf2, 0x0, 0x0,
    0x2f, 0xff, 0x0, 0x0, 0x5, 0xff, 0xb0, 0x0,
    0x0, 0x8f, 0xf8, 0x0, 0x0, 0xc, 0xff, 0x50,
    0x0, 0x0, 0xff, 0xf2, 0x0, 0x0, 0x2f, 0xff,
    0x0, 0x0, 0x5, 0xff, 0xc0, 0x0, 0x0, 0x8f,
    0xf9, 0x0, 0x0, 0x0,

    /* U+00EE "î" */
    0x0, 0x2e, 0xff, 0x60, 0x1, 0xdf, 0xcf, 0xe1,
    0xa, 0xe8, 0x9, 0xe8, 0x0, 0x0, 0x0, 0x0,
    0x0, 0x9f, 0xf8, 0x0, 0x0, 0xcf, 0xf5, 0x0,
    0x0, 0xff, 0xf2, 0x0, 0x2, 0xff, 0xf0, 0x0,
    0x5, 0xff, 0xb0, 0x0, 0x8, 0xff, 0x80, 0x0,
    0xc, 0xff, 0x50, 0x0, 0xf, 0xff, 0x20, 0x0,
    0x2f, 0xff, 0x0, 0x0, 0x5f, 0xfc, 0x0, 0x0,
    0x8f, 0xf9, 0x0, 0x0,

    /* U+00EF "ï" */
    0x0, 0xcd, 0x19, 0xf4, 0x4, 0xff, 0x3f, 0xf8,
    0x0, 0xa9, 0x7, 0xb1, 0x0, 0x0, 0x0, 0x0,
    0x0, 0x9f, 0xf8, 0x0, 0x0, 0xcf, 0xf5, 0x0,
    0x0, 0xff, 0xf2, 0x0, 0x2, 0xff, 0xf0, 0x0,
    0x5, 0xff, 0xb0, 0x0, 0x8, 0xff, 0x80, 0x0,
    0xc, 0xff, 0x50, 0x0, 0xf, 0xff, 0x20, 0x0,
    0x2f, 0xff, 0x0, 0x0, 0x5f, 0xfc, 0x0, 0x0,
    0x8f, 0xf9, 0x0, 0x0,

    /* U+00F0 "ð" */
    0x0, 0x0, 0x0, 0x0, 0x0, 0x0, 0x0, 0x1,
    0x8f, 0x90, 0x0, 0x64, 0x0, 0x3, 0xdf, 0xfd,
    0x8e, 0xf8, 0x0, 0x0, 0xc, 0xff, 0xfa, 0x20,
    0x0, 0x6, 0xdf, 0xef, 0xfd, 0x0, 0x0, 0x4f,
    0xa3, 0xc, 0xff, 0x70, 0x0, 0x1, 0x0, 0x1,
    0xff, 0xf0, 0x0, 0x4b, 0xef, 0xd7, 0xaf, 0xf4,
    0x6, 0xff, 0xff, 0xff, 0xef, 0xf7, 0x1f, 0xff,
    0xa5, 0x5c, 0xff, 0xf8, 0x7f, 0xfb, 0x0, 0x1,
    0xff, 0xf7, 0x9f, 0xf6, 0x0, 0x0, 0xff, 0xf4,
    0x9f, 0xf9, 0x0, 0x5, 0xff, 0xe0, 0x4f, 0xff,
    0xa7, 0xaf, 0xff, 0x50, 0xa, 0xff, 0xff, 0xff,
    0xf7, 0x0, 0x0, 0x5c, 0xff, 0xd9, 0x30, 0x0,

    /* U+00F1 "ñ" */
    0x0, 0x0, 0x4, 0xdf, 0xa2, 0x3f, 0x80, 0x0,
    0x1, 0xef, 0xef, 0xff, 0xf2, 0x0, 0x0, 0x4c,
    0x40, 0x5b, 0xa3, 0x0, 0x0, 0x0, 0x0, 0x0,
    0x0, 0x0, 0x0, 0x9f, 0xf6, 0x7d, 0xfe, 0xa2,
    0x0, 0xc, 0xff, 0xff, 0xff, 0xff, 0xe1, 0x0,
    0xff, 0xff, 0xec, 0xef, 0xff, 0x70, 0x2f, 0xff,
    0xa0, 0x0, 0xcf, 0xfa, 0x5, 0xff, 0xe0, 0x0,
    0x9, 0xff, 0x90, 0x8f, 0xf9, 0x0, 0x0, 0xaf,
    0xf7, 0xc, 0xff, 0x60, 0x0, 0xd, 0xff, 0x40,
    0xff, 0xf2, 0x0, 0x1, 0xff, 0xf1, 0x2f, 0xff,
    0x0, 0x0, 0x4f, 0xfd, 0x5, 0xff, 0xc0, 0x0,
    0x7, 0xff, 0xa0, 0x8f, 0xf9, 0x0, 0x0, 0xaf,
    0xf7, 0x0,

    /* U+00F2 "ò" */
    0x0, 0x0, 0x5f, 0xfd, 0x0, 0x0, 0x0, 0x0,
    0x0, 0x4f, 0xf9, 0x0, 0x0, 0x0, 0x0, 0x0,
    0x3d, 0xe4, 0x0, 0x0, 0x0, 0x0, 0x0, 0x0,
    0x0, 0x0, 0x0, 0x1, 0x7c, 0xef, 0xd8, 0x10,
    0x0, 0x4, 0xef, 0xff, 0xff, 0xfe, 0x30, 0x2,
    0xff, 0xfe, 0xaa, 0xff, 0xfe, 0x0, 0xcf, 0xfb,
    0x0, 0x2, 0xff, 0xf4, 0x2f, 0xff, 0x10, 0x0,
    0xb, 0xff, 0x75, 0xff, 0xc0, 0x0, 0x0, 0xbf,
    0xf6, 0x6f, 0xfc, 0x0, 0x0, 0xf, 0xff, 0x33,
    0xff, 0xf3, 0x0, 0xa, 0xff, 0xd0, 0xd, 0xff,
    0xfa, 0x9d, 0xff, 0xf4, 0x0, 0x2e, 0xff, 0xff,
    0xff, 0xf5, 0x0, 0x0, 0x18, 0xdf, 0xfd, 0x81,
    0x0, 0x0,

    /* U+00F3 "ó" */
    0x0, 0x0, 0x0, 0x0, 0x28, 0x87, 0x10, 0x0,
    0x0, 0x0, 0x2e, 0xfe, 0x30, 0x0, 0x0, 0x0,
    0x2e, 0xfb, 0x10, 0x0, 0x0, 0x0, 0x6, 0x86,
    0x0, 0x0, 0x0, 0x0, 0x0, 0x0, 0x0, 0x0,
    0x0, 0x0, 0x17, 0xce, 0xfd, 0x81, 0x0, 0x0,
    0x4e, 0xff, 0xff, 0xff, 0xe3, 0x0, 0x2f, 0xff,
    0xea, 0xaf, 0xff, 0xe0, 0xc, 0xff, 0xb0, 0x0,
    0x2f, 0xff, 0x42, 0xff, 0xf1, 0x0, 0x0, 0xbf,
    0xf7, 0x5f, 0xfc, 0x0, 0x0, 0xb, 0xff, 0x66,
    0xff, 0xc0, 0x0, 0x0, 0xff, 0xf3, 0x3f, 0xff,
    0x30, 0x0, 0xaf, 0xfd, 0x0, 0xdf, 0xff, 0xa9,
    0xdf, 0xff, 0x40, 0x2, 0xef, 0xff, 0xff, 0xff,
    0x50, 0x0, 0x1, 0x8d, 0xff, 0xd8, 0x10, 0x0,

    /* U+00F4 "ô" */
    0x0, 0x0, 0x0, 0x38, 0x86, 0x0, 0x0, 0x0,
    0x0, 0x3f, 0xff, 0xf5, 0x0, 0x0, 0x0, 0x3f,
    0xf6, 0x5f, 0xf2, 0x0, 0x0, 0x7, 0x83, 0x0,
    0x48, 0x50, 0x0, 0x0, 0x0, 0x0, 0x0, 0x0,
    0x0, 0x0, 0x17, 0xce, 0xfd, 0x81, 0x0, 0x0,
    0x4e, 0xff, 0xff, 0xff, 0xe3, 0x0, 0x2f, 0xff,
    0xea, 0xaf, 0xff, 0xe0, 0xc, 0xff, 0xb0, 0x0,
    0x2f, 0xff, 0x42, 0xff, 0xf1, 0x0, 0x0, 0xbf,
    0xf7, 0x5f, 0xfc, 0x0, 0x0, 0xb, 0xff, 0x66,
    0xff, 0xc0, 0x0, 0x0, 0xff, 0xf3, 0x3f, 0xff,
    0x30, 0x0, 0xaf, 0xfd, 0x0, 0xdf, 0xff, 0xa9,
    0xdf, 0xff, 0x40, 0x2, 0xef, 0xff, 0xff, 0xff,
    0x50, 0x0, 0x1, 0x8d, 0xff, 0xd8, 0x10, 0x0,

    /* U+00F5 "õ" */
    0x0, 0x0, 0x9, 0xfd, 0x60, 0xbf, 0x0, 0x0,
    0x7, 0xfe, 0xff, 0xff, 0x90, 0x0, 0x0, 0xaa,
    0x1, 0x9b, 0x80, 0x0, 0x0, 0x0, 0x0, 0x0,
    0x0, 0x0, 0x0, 0x1, 0x7c, 0xef, 0xd8, 0x10,
    0x0, 0x4, 0xef, 0xff, 0xff, 0xfe, 0x30, 0x2,
    0xff, 0xfe, 0xaa, 0xff, 0xfe, 0x0, 0xcf, 0xfb,
    0x0, 0x2, 0xff, 0xf4, 0x2f, 0xff, 0x10, 0x0,
    0xb, 0xff, 0x75, 0xff, 0xc0, 0x0, 0x0, 0xbf,
    0xf6, 0x6f, 0xfc, 0x0, 0x0, 0xf, 0xff, 0x33,
    0xff, 0xf3, 0x0, 0xa, 0xff, 0xd0, 0xd, 0xff,
    0xfa, 0x9d, 0xff, 0xf4, 0x0, 0x2e, 0xff, 0xff,
    0xff, 0xf5, 0x0, 0x0, 0x18, 0xdf, 0xfd, 0x81,
    0x0, 0x0,

    /* U+00F6 "ö" */
    0x0, 0x0, 0xc, 0xe3, 0xb, 0xe3, 0x0, 0x0,
    0x4, 0xff, 0x73, 0xff, 0x70, 0x0, 0x0, 0xa,
    0xa1, 0x9, 0xa1, 0x0, 0x0, 0x0, 0x0, 0x0,
    0x0, 0x0, 0x0, 0x1, 0x7c, 0xef, 0xd8, 0x10,
    0x0, 0x4, 0xef, 0xff, 0xff, 0xfe, 0x30, 0x2,
    0xff, 0xfe, 0xaa, 0xff, 0xfe, 0x0, 0xcf, 0xfb,
    0x0, 0x2, 0xff, 0xf4, 0x2f, 0xff, 0x10, 0x0,
    0xb, 0xff, 0x75, 0xff, 0xc0, 0x0, 0x0, 0xbf,
    0xf6, 0x6f, 0xfc, 0x0, 0x0, 0xf, 0xff, 0x33,
    0xff, 0xf3, 0x0, 0xa, 0xff, 0xd0, 0xd, 0xff,
    0xfa, 0x9d, 0xff, 0xf4, 0x0, 0x2e, 0xff, 0xff,
    0xff, 0xf5, 0x0, 0x0, 0x18, 0xdf, 0xfd, 0x81,
    0x0, 0x0,

    /* U+00F7 "÷" */
    0x0, 0x0, 0x1c, 0xf5, 0x0, 0x0, 0x0, 0x7,
    0xff, 0xc0, 0x0, 0x0, 0x0, 0x4f, 0xf7, 0x0,
    0x0, 0x0, 0x0, 0x33, 0x0, 0x0, 0x0, 0x0,
    0x0, 0x0, 0x0, 0x4, 0xff, 0xff, 0xff, 0xff,
    0xf3, 0x8f, 0xff, 0xff, 0xff, 0xff, 0x4, 0x77,
    0x77, 0x77, 0x77, 0x60, 0x0, 0x0, 0x41, 0x0,
    0x0, 0x0, 0x0, 0xdf, 0xe0, 0x0, 0x0, 0x0,
    0x2f, 0xff, 0x10, 0x0, 0x0, 0x0, 0xbf, 0x70,
    0x0, 0x0,

    /* U+00F8 "ø" */
    0x0, 0x0, 0x0, 0x0, 0x1, 0xec, 0x0, 0x0,
    0x17, 0xce, 0xfd, 0xff, 0x10, 0x0, 0x4e, 0xff,
    0xff, 0xff, 0xf3, 0x0, 0x2f, 0xff, 0xea, 0xdf,
    0xff, 0xe0, 0xc, 0xff, 0xb0, 0xd, 0xff, 0xff,
    0x42, 0xff, 0xf1, 0x9, 0xf3, 0xbf, 0xf7, 0x5f,
    0xfc, 0x5, 0xf6, 0xb, 0xff, 0x66, 0xff, 0xc1,
    0xeb, 0x0, 0xff, 0xf3, 0x3f, 0xff, 0xfe, 0x10,
    0xaf, 0xfd, 0x0, 0xdf, 0xff, 0xf9, 0xdf, 0xff,
    0x40, 0x2, 0xff, 0xff, 0xff, 0xff, 0x50, 0x0,
    0xf, 0xfd, 0xff, 0xd8, 0x10, 0x0, 0xa, 0xf2,
    0x0, 0x0, 0x0, 0x0, 0x1, 0x84, 0x0, 0x0,
    0x0, 0x0, 0x0,

    /* U+00F9 "ù" */
    0x0, 0x0, 0x1d, 0xff, 0x40, 0x0, 0x0, 0x0,
    0x0, 0x1, 0xcf, 0xe1, 0x0, 0x0, 0x0, 0x0,
    0x0, 0x1b, 0xe9, 0x0, 0x0, 0x0, 0x0, 0x0,
    0x0, 0x0, 0x0, 0x0, 0x0, 0xaf, 0xf7, 0x0,
    0x0, 0xdf, 0xf4, 0x0, 0xdf, 0xf4, 0x0, 0x1,
    0xff, 0xf1, 0x0, 0xff, 0xf1, 0x0, 0x4, 0xff,
    0xd0, 0x3, 0xff, 0xe0, 0x0, 0x7, 0xff, 0xa0,
    0x7, 0xff, 0xa0, 0x0, 0xa, 0xff, 0x70, 0xa,
    0xff, 0x70, 0x0, 0xe, 0xff, 0x40, 0xc, 0xff,
    0x60, 0x0, 0x3f, 0xff, 0x10, 0xd, 0xff, 0x90,
    0x1, 0xcf, 0xfe, 0x0, 0xb, 0xff, 0xfd, 0xcf,
    0xff, 0xfb, 0x0, 0x3, 0xff, 0xff, 0xff, 0xff,
    0xf8, 0x0, 0x0, 0x4c, 0xff, 0xc5, 0xaf, 0xf5,
    0x0,

    /* U+00FA "ú" */
    0x0, 0x0, 0x0, 0x0, 0x7, 0x88, 0x30, 0x0,
    0x0, 0x0, 0x0, 0xaf, 0xf7, 0x0, 0x0, 0x0,
    0x0, 0xa, 0xfe, 0x30, 0x0, 0x0, 0x0, 0x0,
    0x38, 0x71, 0x0, 0x0, 0x0, 0x0, 0x0, 0x0,
    0x0, 0x0, 0x0, 0x0, 0xaf, 0xf7, 0x0, 0x0,
    0xdf, 0xf4, 0x0, 0xdf, 0xf4, 0x0, 0x1, 0xff,
    0xf1, 0x0, 0xff, 0xf1, 0x0, 0x4, 0xff, 0xd0,
    0x3, 0xff, 0xe0, 0x0, 0x7, 0xff, 0xa0, 0x7,
    0xff, 0xa0, 0x0, 0xa, 0xff, 0x70, 0xa, 0xff,
    0x70, 0x0, 0xe, 0xff, 0x40, 0xc, 0xff, 0x60,
    0x0, 0x3f, 0xff, 0x10, 0xd, 0xff, 0x90, 0x1,
    0xcf, 0xfe, 0x0, 0xb, 0xff, 0xfd, 0xcf, 0xff,
    0xfb, 0x0, 0x3, 0xff, 0xff, 0xff, 0xff, 0xf8,
    0x0, 0x0, 0x4c, 0xff, 0xc5, 0xaf, 0xf5, 0x0,

    /* U+00FB "û" */
    0x0, 0x0, 0x0, 0x7, 0x87, 0x10, 0x0, 0x0,
    0x0, 0x0, 0xcf, 0xff, 0xa0, 0x0, 0x0, 0x0,
    0xc, 0xfb, 0x2e, 0xf7, 0x0, 0x0, 0x0, 0x48,
    0x60, 0x2, 0x87, 0x0, 0x0, 0x0, 0x0, 0x0,
    0x0, 0x0, 0x0, 0x0, 0xaf, 0xf7, 0x0, 0x0,
    0xdf, 0xf4, 0x0, 0xdf, 0xf4, 0x0, 0x1, 0xff,
    0xf1, 0x0, 0xff, 0xf1, 0x0, 0x4, 0xff, 0xd0,
    0x3, 0xff, 0xe0, 0x0, 0x7, 0xff, 0xa0, 0x7,
    0xff, 0xa0, 0x0, 0xa, 0xff, 0x70, 0xa, 0xff,
    0x70, 0x0, 0xe, 0xff, 0x40, 0xc, 0xff, 0x60,
    0x0, 0x3f, 0xff, 0x10, 0xd, 0xff, 0x90, 0x1,
    0xcf, 0xfe, 0x0, 0xb, 0xff, 0xfd, 0xcf, 0xff,
    0xfb, 0x0, 0x3, 0xff, 0xff, 0xff, 0xff, 0xf8,
    0x0, 0x0, 0x4c, 0xff, 0xc5, 0xaf, 0xf5, 0x0,

    /* U+00FC "ü" */
    0x0, 0x0, 0x7, 0xf7, 0x7, 0xf8, 0x0, 0x0,
    0x0, 0xe, 0xfc, 0xd, 0xfd, 0x0, 0x0, 0x0,
    0x6, 0xb3, 0x6, 0xb4, 0x0, 0x0, 0x0, 0x0,
    0x0, 0x0, 0x0, 0x0, 0x0, 0xaf, 0xf7, 0x0,
    0x0, 0xdf, 0xf4, 0x0, 0xdf, 0xf4, 0x0, 0x1,
    0xff, 0xf1, 0x0, 0xff, 0xf1, 0x0, 0x4, 0xff,
    0xd0, 0x3, 0xff, 0xe0, 0x0, 0x7, 0xff, 0xa0,
    0x7, 0xff, 0xa0, 0x0, 0xa, 0xff, 0x70, 0xa,
    0xff, 0x70, 0x0, 0xe, 0xff, 0x40, 0xc, 0xff,
    0x60, 0x0, 0x3f, 0xff, 0x10, 0xd, 0xff, 0x90,
    0x1, 0xcf, 0xfe, 0x0, 0xb, 0xff, 0xfd, 0xcf,
    0xff, 0xfb, 0x0, 0x3, 0xff, 0xff, 0xff, 0xff,
    0xf8, 0x0, 0x0, 0x4c, 0xff, 0xc5, 0xaf, 0xf5,
    0x0,

    /* U+00FD "ý" */
    0x0, 0x0, 0x0, 0x0, 0x5, 0xff, 0xc2, 0x0,
    0x0, 0x0, 0x0, 0x0, 0x8f, 0xf6, 0x0, 0x0,
    0x0, 0x0, 0x0, 0x3, 0x87, 0x10, 0x0, 0x0,
    0x0, 0x0, 0x0, 0x0, 0x0, 0x0, 0x0, 0x0,
    0x0, 0xf, 0xff, 0x20, 0x0, 0x3, 0xff, 0xd0,
    0x0, 0xb, 0xff, 0x50, 0x0, 0xc, 0xff, 0x40,
    0x0, 0x8, 0xff, 0x90, 0x0, 0x6f, 0xfa, 0x0,
    0x0, 0x4, 0xff, 0xc0, 0x1, 0xef, 0xf1, 0x0,
    0x0, 0x1, 0xff, 0xf0, 0x9, 0xff, 0x60, 0x0,
    0x0, 0x0, 0xdf, 0xf3, 0x3f, 0xfc, 0x0, 0x0,
    0x0, 0x0, 0x9f, 0xf6, 0xcf, 0xf3, 0x0, 0x0,
    0x0, 0x0, 0x6f, 0xfe, 0xff, 0x90, 0x0, 0x0,
    0x0, 0x0, 0x2f, 0xff, 0xfe, 0x10, 0x0, 0x0,
    0x0, 0x0, 0xe, 0xff, 0xf5, 0x0, 0x0, 0x0,
    0x0, 0x0, 0xb, 0xff, 0xb0, 0x0, 0x0, 0x0,
    0x0, 0x0, 0x1e, 0xff, 0x20, 0x0, 0x0, 0x0,
    0xc, 0xb9, 0xdf, 0xf7, 0x0, 0x0, 0x0, 0x0,
    0x7f, 0xff, 0xff, 0xa0, 0x0, 0x0, 0x0, 0x0,
    0x4b, 0xef, 0xd6, 0x0, 0x0, 0x0, 0x0, 0x0,

    /* U+00FE "þ" */
    0x0, 0x0, 0xcf, 0xf5, 0x0, 0x0, 0x0, 0x0,
    0x0, 0xf, 0xff, 0x20, 0x0, 0x0, 0x0, 0x0,
    0x2, 0xff, 0xf0, 0x0, 0x0, 0x0, 0x0, 0x0,
    0x5f, 0xfc, 0x0, 0x0, 0x0, 0x0, 0x0, 0x8,
    0xff, 0xa9, 0xef, 0xe9, 0x10, 0x0, 0x0, 0xbf,
    0xff, 0xff, 0xff, 0xfe, 0x10, 0x0, 0xe, 0xff,
    0xfd, 0xac, 0xff, 0xfb, 0x0, 0x2, 0xff, 0xf7,
    0x0, 0x6, 0xff, 0xf0, 0x0, 0x5f, 0xfc, 0x0,
    0x0, 0xf, 0xff, 0x20, 0x8, 0xff, 0x80, 0x0,
    0x0, 0xff, 0xf2, 0x0, 0xbf, 0xf8, 0x0, 0x0,
    0x4f, 0xff, 0x0, 0xe, 0xff, 0xd1, 0x0, 0x1d,
    0xff, 0x90, 0x2, 0xff, 0xff, 0xea, 0xaf, 0xff,
    0xe1, 0x0, 0x5f, 0xfd, 0xff, 0xff, 0xff, 0xe3,
    0x0, 0x8, 0xff, 0x92, 0xbe, 0xfd, 0x81, 0x0,
    0x0, 0xbf, 0xf6, 0x0, 0x0, 0x0, 0x0, 0x0,
    0xe, 0xff, 0x30, 0x0, 0x0, 0x0, 0x0, 0x1,
    0xff, 0xf0, 0x0, 0x0, 0x0, 0x0, 0x0, 0x4f,
    0xfd, 0x0, 0x0, 0x0, 0x0, 0x0, 0x0,

    /* U+00FF "ÿ" */
    0x0, 0x0, 0x0, 0x8f, 0x70, 0x7f, 0x70, 0x0,
    0x0, 0x0, 0x0, 0xff, 0xb0, 0xef, 0xc0, 0x0,
    0x0, 0x0, 0x0, 0x7b, 0x30, 0x6b, 0x30, 0x0,
    0x0, 0x0, 0x0, 0x0, 0x0, 0x0, 0x0, 0x0,
    0x0, 0xf, 0xff, 0x20, 0x0, 0x3, 0xff, 0xd0,
    0x0, 0xb, 0xff, 0x50, 0x0, 0xc, 0xff, 0x40,
    0x0, 0x8, 0xff, 0x90, 0x0, 0x6f, 0xfa, 0x0,
    0x0, 0x4, 0xff, 0xc0, 0x1, 0xef, 0xf1, 0x0,
    0x0, 0x1, 0xff, 0xf0, 0x9, 0xff, 0x60, 0x0,
    0x0, 0x0, 0xdf, 0xf3, 0x3f, 0xfc, 0x0, 0x0,
    0x0, 0x0, 0x9f, 0xf6, 0xcf, 0xf3, 0x0, 0x0,
    0x0, 0x0, 0x6f, 0xfe, 0xff, 0x90, 0x0, 0x0,
    0x0, 0x0, 0x2f, 0xff, 0xfe, 0x10, 0x0, 0x0,
    0x0, 0x0, 0xe, 0xff, 0xf5, 0x0, 0x0, 0x0,
    0x0, 0x0, 0xb, 0xff, 0xb0, 0x0, 0x0, 0x0,
    0x0, 0x0, 0x1e, 0xff, 0x20, 0x0, 0x0, 0x0,
    0xc, 0xb9, 0xdf, 0xf7, 0x0, 0x0, 0x0, 0x0,
    0x7f, 0xff, 0xff, 0xa0, 0x0, 0x0, 0x0, 0x0,
    0x4b, 0xef, 0xd6, 0x0, 0x0, 0x0, 0x0, 0x0,

    /* U+2022 "•" */
    0x0, 0x0, 0x0, 0x1b, 0xfe, 0x50, 0xaf, 0xff,
    0xf0, 0xdf, 0xff, 0xf1, 0xbf, 0xff, 0xd0, 0x2c,
    0xfc, 0x20,

    /* U+2026 "…" */
    0x3, 0xcc, 0x30, 0x1a, 0xd7, 0x0, 0x7d, 0xb1,
    0xe, 0xff, 0xc0, 0x8f, 0xff, 0x13, 0xff, 0xf7,
    0xf, 0xff, 0xb0, 0xaf, 0xff, 0x14, 0xff, 0xf7,
    0x7, 0xfd, 0x20, 0x3d, 0xe6, 0x0, 0xaf, 0xb0
};


/*---------------------
 *  GLYPH DESCRIPTION
 *--------------------*/

static const lv_font_fmt_txt_glyph_dsc_t glyph_dsc[] = {
    {.bitmap_index = 0, .adv_w = 0, .box_w = 0, .box_h = 0, .ofs_x = 0, .ofs_y = 0} /* id = 0 reserved */,
    {.bitmap_index = 0, .adv_w = 91, .box_w = 0, .box_h = 0, .ofs_x = 0, .ofs_y = 0},
    {.bitmap_index = 0, .adv_w = 92, .box_w = 7, .box_h = 14, .ofs_x = 0, .ofs_y = 0},
    {.bitmap_index = 49, .adv_w = 140, .box_w = 9, .box_h = 6, .ofs_x = 1, .ofs_y = 8},
    {.bitmap_index = 76, .adv_w = 230, .box_w = 17, .box_h = 14, .ofs_x = -1, .ofs_y = 0},
    {.bitmap_index = 195, .adv_w = 204, .box_w = 14, .box_h = 20, .ofs_x = -1, .ofs_y = -3},
    {.bitmap_index = 335, .adv_w = 281, .box_w = 16, .box_h = 14, .ofs_x = 1, .ofs_y = 0},
    {.bitmap_index = 447, .adv_w = 233, .box_w = 14, .box_h = 14, .ofs_x = 0, .ofs_y = 0},
    {.bitmap_index = 545, .adv_w = 74, .box_w = 5, .box_h = 6, .ofs_x = 1, .ofs_y = 8},
    {.bitmap_index = 560, .adv_w = 114, .box_w = 8, .box_h = 19, .ofs_x = 1, .ofs_y = -4},
    {.bitmap_index = 636, .adv_w = 114, .box_w = 9, .box_h = 19, .ofs_x = -2, .ofs_y = -4},
    {.bitmap_index = 722, .adv_w = 139, .box_w = 9, .box_h = 8, .ofs_x = 1, .ofs_y = 7},
    {.bitmap_index = 758, .adv_w = 192, .box_w = 11, .box_h = 10, .ofs_x = 1, .ofs_y = 2},
    {.bitmap_index = 813, .adv_w = 84, .box_w = 5, .box_h = 7, .ofs_x = -1, .ofs_y = -3},
    {.bitmap_index = 831, .adv_w = 124, .box_w = 7, .box_h = 3, .ofs_x = 0, .ofs_y = 4},
    {.bitmap_index = 842, .adv_w = 84, .box_w = 5, .box_h = 4, .ofs_x = -1, .ofs_y = 0},
    {.bitmap_index = 852, .adv_w = 125, .box_w = 15, .box_h = 19, .ofs_x = -3, .ofs_y = -2},
    {.bitmap_index = 995, .adv_w = 217, .box_w = 14, .box_h = 14, .ofs_x = 0, .ofs_y = 0},
    {.bitmap_index = 1093, .adv_w = 125, .box_w = 7, .box_h = 14, .ofs_x = 1, .ofs_y = 0},
    {.bitmap_index = 1142, .adv_w = 189, .box_w = 13, .box_h = 14, .ofs_x = -1, .ofs_y = 0},
    {.bitmap_index = 1233, .adv_w = 189, .box_w = 14, .box_h = 14, .ofs_x = -1, .ofs_y = 0},
    {.bitmap_index = 1331, .adv_w = 220, .box_w = 14, .box_h = 14, .ofs_x = 0, .ofs_y = 0},
    {.bitmap_index = 1429, .adv_w = 190, .box_w = 14, .box_h = 14, .ofs_x = -1, .ofs_y = 0},
    {.bitmap_index = 1527, .adv_w = 204, .box_w = 14, .box_h = 14, .ofs_x = 0, .ofs_y = 0},
    {.bitmap_index = 1625, .adv_w = 198, .box_w = 13, .box_h = 14, .ofs_x = 1, .ofs_y = 0},
    {.bitmap_index = 1716, .adv_w = 211, .box_w = 13, .box_h = 14, .ofs_x = 0, .ofs_y = 0},
    {.bitmap_index = 1807, .adv_w = 204, .box_w = 13, .box_h = 14, .ofs_x = 0, .ofs_y = 0},
    {.bitmap_index = 1898, .adv_w = 84, .box_w = 7, .box_h = 11, .ofs_x = -1, .ofs_y = 0},
    {.bitmap_index = 1937, .adv_w = 84, .box_w = 7, .box_h = 14, .ofs_x = -1, .ofs_y = -3},
    {.bitmap_index = 1986, .adv_w = 192, .box_w = 12, .box_h = 10, .ofs_x = 1, .ofs_y = 2},
    {.bitmap_index = 2046, .adv_w = 192, .box_w = 12, .box_h = 8, .ofs_x = 0, .ofs_y = 3},
    {.bitmap_index = 2094, .adv_w = 192, .box_w = 12, .box_h = 10, .ofs_x = 0, .ofs_y = 2},
    {.bitmap_index = 2154, .adv_w = 188, .box_w = 11, .box_h = 14, .ofs_x = 1, .ofs_y = 0},
    {.bitmap_index = 2231, .adv_w = 331, .box_w = 21, .box_h = 18, .ofs_x = 0, .ofs_y = -4},
    {.bitmap_index = 2420, .adv_w = 245, .box_w = 17, .box_h = 14, .ofs_x = -2, .ofs_y = 0},
    {.bitmap_index = 2539, .adv_w = 245, .box_w = 15, .box_h = 14, .ofs_x = 0, .ofs_y = 0},
    {.bitmap_index = 2644, .adv_w = 235, .box_w = 15, .box_h = 14, .ofs_x = 1, .ofs_y = 0},
    {.bitmap_index = 2749, .adv_w = 264, .box_w = 17, .box_h = 14, .ofs_x = 0, .ofs_y = 0},
    {.bitmap_index = 2868, .adv_w = 215, .box_w = 14, .box_h = 14, .ofs_x = 0, .ofs_y = 0},
    {.bitmap_index = 2966, .adv_w = 204, .box_w = 14, .box_h = 14, .ofs_x = 0, .ofs_y = 0},
    {.bitmap_index = 3064, .adv_w = 247, .box_w = 15, .box_h = 14, .ofs_x = 1, .ofs_y = 0},
    {.bitmap_index = 3169, .adv_w = 259, .box_w = 17, .box_h = 14, .ofs_x = 0, .ofs_y = 0},
    {.bitmap_index = 3288, .adv_w = 105, .box_w = 7, .box_h = 14, .ofs_x = 0, .ofs_y = 0},
    {.bitmap_index = 3337, .adv_w = 171, .box_w = 13, .box_h = 14, .ofs_x = -1, .ofs_y = 0},
    {.bitmap_index = 3428, .adv_w = 237, .box_w = 17, .box_h = 14, .ofs_x = 0, .ofs_y = 0},
    {.bitmap_index = 3547, .adv_w = 193, .box_w = 12, .box_h = 14, .ofs_x = 0, .ofs_y = 0},
    {.bitmap_index = 3631, .adv_w = 306, .box_w = 20, .box_h = 14, .ofs_x = 0, .ofs_y = 0},
    {.bitmap_index = 3771, .adv_w = 259, .box_w = 17, .box_h = 14, .ofs_x = 0, .ofs_y = 0},
    {.bitmap_index = 3890, .adv_w = 270, .box_w = 16, .box_h = 14, .ofs_x = 1, .ofs_y = 0},
    {.bitmap_index = 4002, .adv_w = 234, .box_w = 15, .box_h = 14, .ofs_x = 0, .ofs_y = 0},
    {.bitmap_index = 4107, .adv_w = 270, .box_w = 16, .box_h = 18, .ofs_x = 1, .ofs_y = -4},
    {.bitmap_index = 4251, .adv_w = 235, .box_w = 15, .box_h = 14, .ofs_x = 0, .ofs_y = 0},
    {.bitmap_index = 4356, .adv_w = 204, .box_w = 14, .box_h = 14, .ofs_x = -1, .ofs_y = 0},
    {.bitmap_index = 4454, .adv_w = 198, .box_w = 13, .box_h = 14, .ofs_x = 1, .ofs_y = 0},
    {.bitmap_index = 4545, .adv_w = 246, .box_w = 15, .box_h = 14, .ofs_x = 1, .ofs_y = 0},
    {.bitmap_index = 4650, .adv_w = 239, .box_w = 16, .box_h = 14, .ofs_x = 1, .ofs_y = 0},
    {.bitmap_index = 4762, .adv_w = 367, .box_w = 24, .box_h = 14, .ofs_x = 1, .ofs_y = 0},
    {.bitmap_index = 4930, .adv_w = 228, .box_w = 17, .box_h = 14, .ofs_x = -1, .ofs_y = 0},
    {.bitmap_index = 5049, .adv_w = 223, .box_w = 15, .box_h = 14, .ofs_x = 1, .ofs_y = 0},
    {.bitmap_index = 5154, .adv_w = 215, .box_w = 16, .box_h = 14, .ofs_x = -1, .ofs_y = 0},
    {.bitmap_index = 5266, .adv_w = 118, .box_w = 10, .box_h = 19, .ofs_x = -1, .ofs_y = -4},
    {.bitmap_index = 5361, .adv_w = 125, .box_w = 7, .box_h = 19, .ofs_x = 1, .ofs_y = -2},
    {.bitmap_index = 5428, .adv_w = 118, .box_w = 10, .box_h = 19, .ofs_x = -2, .ofs_y = -4},
    {.bitmap_index = 5523, .adv_w = 192, .box_w = 11, .box_h = 9, .ofs_x = 0, .ofs_y = 3},
    {.bitmap_index = 5573, .adv_w = 160, .box_w = 11, .box_h = 2, .ofs_x = -2, .ofs_y = -2},
    {.bitmap_index = 5584, .adv_w = 192, .box_w = 7, .box_h = 3, .ofs_x = 3, .ofs_y = 12},
    {.bitmap_index = 5595, .adv_w = 221, .box_w = 14, .box_h = 11, .ofs_x = 0, .ofs_y = 0},
    {.bitmap_index = 5672, .adv_w = 221, .box_w = 14, .box_h = 15, .ofs_x = 0, .ofs_y = 0},
    {.bitmap_index = 5777, .adv_w = 190, .box_w = 12, .box_h = 11, .ofs_x = 0, .ofs_y = 0},
    {.bitmap_index = 5843, .adv_w = 221, .box_w = 15, .box_h = 16, .ofs_x = 0, .ofs_y = 0},
    {.bitmap_index = 5963, .adv_w = 201, .box_w = 13, .box_h = 11, .ofs_x = 0, .ofs_y = 0},
    {.bitmap_index = 6035, .adv_w = 124, .box_w = 11, .box_h = 15, .ofs_x = 0, .ofs_y = 0},
    {.bitmap_index = 6118, .adv_w = 224, .box_w = 15, .box_h = 15, .ofs_x = -1, .ofs_y = -4},
    {.bitmap_index = 6231, .adv_w = 221, .box_w = 13, .box_h = 15, .ofs_x = 0, .ofs_y = 0},
    {.bitmap_index = 6329, .adv_w = 96, .box_w = 7, .box_h = 16, .ofs_x = 0, .ofs_y = 0},
    {.bitmap_index = 6385, .adv_w = 98, .box_w = 11, .box_h = 20, .ofs_x = -4, .ofs_y = -4},
    {.bitmap_index = 6495, .adv_w = 208, .box_w = 15, .box_h = 15, .ofs_x = 0, .ofs_y = 0},
    {.bitmap_index = 6608, .adv_w = 96, .box_w = 7, .box_h = 15, .ofs_x = 0, .ofs_y = 0},
    {.bitmap_index = 6661, .adv_w = 336, .box_w = 21, .box_h = 11, .ofs_x = 0, .ofs_y = 0},
    {.bitmap_index = 6777, .adv_w = 221, .box_w = 13, .box_h = 11, .ofs_x = 0, .ofs_y = 0},
    {.bitmap_index = 6849, .adv_w = 209, .box_w = 13, .box_h = 11, .ofs_x = 0, .ofs_y = 0},
    {.bitmap_index = 6921, .adv_w = 221, .box_w = 15, .box_h = 15, .ofs_x = -1, .ofs_y = -4},
    {.bitmap_index = 7034, .adv_w = 221, .box_w = 14, .box_h = 15, .ofs_x = 0, .ofs_y = -4},
    {.bitmap_index = 7139, .adv_w = 138, .box_w = 10, .box_h = 11, .ofs_x = 0, .ofs_y = 0},
    {.bitmap_index = 7194, .adv_w = 170, .box_w = 12, .box_h = 11, .ofs_x = -1, .ofs_y = 0},
    {.bitmap_index = 7260, .adv_w = 140, .box_w = 9, .box_h = 14, .ofs_x = 0, .ofs_y = 0},
    {.bitmap_index = 7323, .adv_w = 220, .box_w = 14, .box_h = 11, .ofs_x = 0, .ofs_y = 0},
    {.bitmap_index = 7400, .adv_w = 191, .box_w = 14, .box_h = 11, .ofs_x = 0, .ofs_y = 0},
    {.bitmap_index = 7477, .adv_w = 301, .box_w = 19, .box_h = 11, .ofs_x = 1, .ofs_y = 0},
    {.bitmap_index = 7582, .adv_w = 190, .box_w = 15, .box_h = 11, .ofs_x = -2, .ofs_y = 0},
    {.bitmap_index = 7665, .adv_w = 191, .box_w = 16, .box_h = 15, .ofs_x = -2, .ofs_y = -4},
    {.bitmap_index = 7785, .adv_w = 174, .box_w = 13, .box_h = 11, .ofs_x = -1, .ofs_y = 0},
    {.bitmap_index = 7857, .adv_w = 125, .box_w = 10, .box_h = 19, .ofs_x = 0, .ofs_y = -4},
    {.bitmap_index = 7952, .adv_w = 99, .box_w = 8, .box_h = 19, .ofs_x = -1, .ofs_y = -4},
    {.bitmap_index = 8028, .adv_w = 125, .box_w = 10, .box_h = 19, .ofs_x = -2, .ofs_y = -4},
    {.bitmap_index = 8123, .adv_w = 192, .box_w = 12, .box_h = 4, .ofs_x = 0, .ofs_y = 5},
    {.bitmap_index = 8147, .adv_w = 91, .box_w = 0, .box_h = 0, .ofs_x = 0, .ofs_y = 0},
    {.bitmap_index = 8147, .adv_w = 92, .box_w = 7, .box_h = 15, .ofs_x = -1, .ofs_y = -4},
    {.bitmap_index = 8200, .adv_w = 190, .box_w = 12, .box_h = 17, .ofs_x = 0, .ofs_y = -3},
    {.bitmap_index = 8302, .adv_w = 214, .box_w = 16, .box_h = 14, .ofs_x = -1, .ofs_y = 0},
    {.bitmap_index = 8414, .adv_w = 224, .box_w = 14, .box_h = 14, .ofs_x = 0, .ofs_y = -1},
    {.bitmap_index = 8512, .adv_w = 236, .box_w = 16, .box_h = 14, .ofs_x = 1, .ofs_y = 0},
    {.bitmap_index = 8624, .adv_w = 99, .box_w = 8, .box_h = 19, .ofs_x = -1, .ofs_y = -4},
    {.bitmap_index = 8700, .adv_w = 167, .box_w = 13, .box_h = 17, .ofs_x = -1, .ofs_y = -3},
    {.bitmap_index = 8811, .adv_w = 192, .box_w = 8, .box_h = 3, .ofs_x = 4, .ofs_y = 12},
    {.bitmap_index = 8823, .adv_w = 251, .box_w = 15, .box_h = 16, .ofs_x = 1, .ofs_y = -1},
    {.bitmap_index = 8943, .adv_w = 132, .box_w = 8, .box_h = 8, .ofs_x = 1, .ofs_y = 7},
    {.bitmap_index = 8975, .adv_w = 182, .box_w = 12, .box_h = 8, .ofs_x = 0, .ofs_y = 1},
    {.bitmap_index = 9023, .adv_w = 192, .box_w = 11, .box_h = 7, .ofs_x = 1, .ofs_y = 2},
    {.bitmap_index = 9062, .adv_w = 251, .box_w = 15, .box_h = 16, .ofs_x = 1, .ofs_y = -1},
    {.bitmap_index = 9182, .adv_w = 192, .box_w = 9, .box_h = 2, .ofs_x = 2, .ofs_y = 13},
    {.bitmap_index = 9191, .adv_w = 133, .box_w = 8, .box_h = 7, .ofs_x = 1, .ofs_y = 7},
    {.bitmap_index = 9219, .adv_w = 192, .box_w = 12, .box_h = 13, .ofs_x = 0, .ofs_y = 0},
    {.bitmap_index = 9297, .adv_w = 138, .box_w = 8, .box_h = 8, .ofs_x = 1, .ofs_y = 7},
    {.bitmap_index = 9329, .adv_w = 138, .box_w = 10, .box_h = 8, .ofs_x = 0, .ofs_y = 7},
    {.bitmap_index = 9369, .adv_w = 192, .box_w = 7, .box_h = 3, .ofs_x = 5, .ofs_y = 12},
    {.bitmap_index = 9380, .adv_w = 221, .box_w = 15, .box_h = 15, .ofs_x = -1, .ofs_y = -4},
    {.bitmap_index = 9493, .adv_w = 220, .box_w = 13, .box_h = 18, .ofs_x = 1, .ofs_y = -2},
    {.bitmap_index = 9610, .adv_w = 97, .box_w = 5, .box_h = 4, .ofs_x = 1, .ofs_y = 4},
    {.bitmap_index = 9620, .adv_w = 192, .box_w = 6, .box_h = 6, .ofs_x = 1, .ofs_y = -5},
    {.bitmap_index = 9638, .adv_w = 138, .box_w = 8, .box_h = 8, .ofs_x = 1, .ofs_y = 7},
    {.bitmap_index = 9670, .adv_w = 137, .box_w = 9, .box_h = 7, .ofs_x = 1, .ofs_y = 8},
    {.bitmap_index = 9702, .adv_w = 182, .box_w = 12, .box_h = 8, .ofs_x = -1, .ofs_y = 1},
    {.bitmap_index = 9750, .adv_w = 334, .box_w = 20, .box_h = 15, .ofs_x = 1, .ofs_y = 0},
    {.bitmap_index = 9900, .adv_w = 334, .box_w = 19, .box_h = 14, .ofs_x = 1, .ofs_y = 0},
    {.bitmap_index = 10033, .adv_w = 334, .box_w = 21, .box_h = 15, .ofs_x = 0, .ofs_y = 0},
    {.bitmap_index = 10191, .adv_w = 188, .box_w = 11, .box_h = 15, .ofs_x = 0, .ofs_y = -4},
    {.bitmap_index = 10274, .adv_w = 245, .box_w = 17, .box_h = 18, .ofs_x = -2, .ofs_y = 0},
    {.bitmap_index = 10427, .adv_w = 245, .box_w = 17, .box_h = 19, .ofs_x = -2, .ofs_y = 0},
    {.bitmap_index = 10589, .adv_w = 245, .box_w = 17, .box_h = 18, .ofs_x = -2, .ofs_y = 0},
    {.bitmap_index = 10742, .adv_w = 245, .box_w = 17, .box_h = 18, .ofs_x = -2, .ofs_y = 0},
    {.bitmap_index = 10895, .adv_w = 245, .box_w = 17, .box_h = 18, .ofs_x = -2, .ofs_y = 0},
    {.bitmap_index = 11048, .adv_w = 245, .box_w = 17, .box_h = 21, .ofs_x = -2, .ofs_y = 0},
    {.bitmap_index = 11227, .adv_w = 346, .box_w = 25, .box_h = 14, .ofs_x = -2, .ofs_y = 0},
    {.bitmap_index = 11402, .adv_w = 235, .box_w = 15, .box_h = 19, .ofs_x = 1, .ofs_y = -5},
    {.bitmap_index = 11545, .adv_w = 215, .box_w = 14, .box_h = 18, .ofs_x = 0, .ofs_y = 0},
    {.bitmap_index = 11671, .adv_w = 215, .box_w = 14, .box_h = 18, .ofs_x = 0, .ofs_y = 0},
    {.bitmap_index = 11797, .adv_w = 215, .box_w = 14, .box_h = 18, .ofs_x = 0, .ofs_y = 0},
    {.bitmap_index = 11923, .adv_w = 215, .box_w = 14, .box_h = 18, .ofs_x = 0, .ofs_y = 0},
    {.bitmap_index = 12049, .adv_w = 105, .box_w = 8, .box_h = 18, .ofs_x = 0, .ofs_y = 0},
    {.bitmap_index = 12121, .adv_w = 105, .box_w = 10, .box_h = 18, .ofs_x = 0, .ofs_y = 0},
    {.bitmap_index = 12211, .adv_w = 105, .box_w = 10, .box_h = 18, .ofs_x = 0, .ofs_y = 0},
    {.bitmap_index = 12301, .adv_w = 105, .box_w = 10, .box_h = 18, .ofs_x = 0, .ofs_y = 0},
    {.bitmap_index = 12391, .adv_w = 268, .box_w = 17, .box_h = 14, .ofs_x = 0, .ofs_y = 0},
    {.bitmap_index = 12510, .adv_w = 259, .box_w = 17, .box_h = 18, .ofs_x = 0, .ofs_y = 0},
    {.bitmap_index = 12663, .adv_w = 270, .box_w = 16, .box_h = 18, .ofs_x = 1, .ofs_y = 0},
    {.bitmap_index = 12807, .adv_w = 270, .box_w = 16, .box_h = 19, .ofs_x = 1, .ofs_y = 0},
    {.bitmap_index = 12959, .adv_w = 270, .box_w = 16, .box_h = 19, .ofs_x = 1, .ofs_y = 0},
    {.bitmap_index = 13111, .adv_w = 270, .box_w = 16, .box_h = 19, .ofs_x = 1, .ofs_y = 0},
    {.bitmap_index = 13263, .adv_w = 270, .box_w = 16, .box_h = 18, .ofs_x = 1, .ofs_y = 0},
    {.bitmap_index = 13407, .adv_w = 192, .box_w = 10, .box_h = 10, .ofs_x = 1, .ofs_y = 2},
    {.bitmap_index = 13457, .adv_w = 270, .box_w = 16, .box_h = 17, .ofs_x = 1, .ofs_y = -1},
    {.bitmap_index = 13593, .adv_w = 246, .box_w = 15, .box_h = 18, .ofs_x = 1, .ofs_y = 0},
    {.bitmap_index = 13728, .adv_w = 246, .box_w = 15, .box_h = 19, .ofs_x = 1, .ofs_y = 0},
    {.bitmap_index = 13871, .adv_w = 246, .box_w = 15, .box_h = 19, .ofs_x = 1, .ofs_y = 0},
    {.bitmap_index = 14014, .adv_w = 246, .box_w = 15, .box_h = 18, .ofs_x = 1, .ofs_y = 0},
    {.bitmap_index = 14149, .adv_w = 223, .box_w = 15, .box_h = 18, .ofs_x = 1, .ofs_y = 0},
    {.bitmap_index = 14284, .adv_w = 234, .box_w = 15, .box_h = 14, .ofs_x = 0, .ofs_y = 0},
    {.bitmap_index = 14389, .adv_w = 222, .box_w = 14, .box_h = 15, .ofs_x = 0, .ofs_y = 0},
    {.bitmap_index = 14494, .adv_w = 221, .box_w = 14, .box_h = 15, .ofs_x = 0, .ofs_y = 0},
    {.bitmap_index = 14599, .adv_w = 221, .box_w = 14, .box_h = 16, .ofs_x = 0, .ofs_y = 0},
    {.bitmap_index = 14711, .adv_w = 221, .box_w = 14, .box_h = 16, .ofs_x = 0, .ofs_y = 0},
    {.bitmap_index = 14823, .adv_w = 221, .box_w = 14, .box_h = 15, .ofs_x = 0, .ofs_y = 0},
    {.bitmap_index = 14928, .adv_w = 221, .box_w = 14, .box_h = 15, .ofs_x = 0, .ofs_y = 0},
    {.bitmap_index = 15033, .adv_w = 221, .box_w = 14, .box_h = 17, .ofs_x = 0, .ofs_y = 0},
    {.bitmap_index = 15152, .adv_w = 318, .box_w = 20, .box_h = 11, .ofs_x = 0, .ofs_y = 0},
    {.bitmap_index = 15262, .adv_w = 190, .box_w = 12, .box_h = 16, .ofs_x = 0, .ofs_y = -5},
    {.bitmap_index = 15358, .adv_w = 201, .box_w = 13, .box_h = 15, .ofs_x = 0, .ofs_y = 0},
    {.bitmap_index = 15456, .adv_w = 201, .box_w = 13, .box_h = 16, .ofs_x = 0, .ofs_y = 0},
    {.bitmap_index = 15560, .adv_w = 201, .box_w = 13, .box_h = 16, .ofs_x = 0, .ofs_y = 0},
    {.bitmap_index = 15664, .adv_w = 201, .box_w = 13, .box_h = 15, .ofs_x = 0, .ofs_y = 0},
    {.bitmap_index = 15762, .adv_w = 96, .box_w = 7, .box_h = 15, .ofs_x = 0, .ofs_y = 0},
    {.bitmap_index = 15815, .adv_w = 96, .box_w = 9, .box_h = 15, .ofs_x = 0, .ofs_y = 0},
    {.bitmap_index = 15883, .adv_w = 96, .box_w = 8, .box_h = 15, .ofs_x = 0, .ofs_y = 0},
    {.bitmap_index = 15943, .adv_w = 96, .box_w = 8, .box_h = 15, .ofs_x = 0, .ofs_y = 0},
    {.bitmap_index = 16003, .adv_w = 193, .box_w = 12, .box_h = 16, .ofs_x = 0, .ofs_y = 0},
    {.bitmap_index = 16099, .adv_w = 221, .box_w = 13, .box_h = 15, .ofs_x = 0, .ofs_y = 0},
    {.bitmap_index = 16197, .adv_w = 209, .box_w = 13, .box_h = 15, .ofs_x = 0, .ofs_y = 0},
    {.bitmap_index = 16295, .adv_w = 209, .box_w = 13, .box_h = 16, .ofs_x = 0, .ofs_y = 0},
    {.bitmap_index = 16399, .adv_w = 209, .box_w = 13, .box_h = 16, .ofs_x = 0, .ofs_y = 0},
    {.bitmap_index = 16503, .adv_w = 209, .box_w = 13, .box_h = 15, .ofs_x = 0, .ofs_y = 0},
    {.bitmap_index = 16601, .adv_w = 209, .box_w = 13, .box_h = 15, .ofs_x = 0, .ofs_y = 0},
    {.bitmap_index = 16699, .adv_w = 192, .box_w = 11, .box_h = 12, .ofs_x = 1, .ofs_y = 1},
    {.bitmap_index = 16765, .adv_w = 209, .box_w = 13, .box_h = 14, .ofs_x = 0, .ofs_y = -2},
    {.bitmap_index = 16856, .adv_w = 220, .box_w = 14, .box_h = 15, .ofs_x = 0, .ofs_y = 0},
    {.bitmap_index = 16961, .adv_w = 220, .box_w = 14, .box_h = 16, .ofs_x = 0, .ofs_y = 0},
    {.bitmap_index = 17073, .adv_w = 220, .box_w = 14, .box_h = 16, .ofs_x = 0, .ofs_y = 0},
    {.bitmap_index = 17185, .adv_w = 220, .box_w = 14, .box_h = 15, .ofs_x = 0, .ofs_y = 0},
    {.bitmap_index = 17290, .adv_w = 191, .box_w = 16, .box_h = 19, .ofs_x = -2, .ofs_y = -4},
    {.bitmap_index = 17442, .adv_w = 221, .box_w = 15, .box_h = 19, .ofs_x = -1, .ofs_y = -4},
    {.bitmap_index = 17585, .adv_w = 191, .box_w = 16, .box_h = 19, .ofs_x = -2, .ofs_y = -4},
    {.bitmap_index = 17737, .adv_w = 115, .box_w = 6, .box_h = 6, .ofs_x = 1, .ofs_y = 3},
    {.bitmap_index = 17755, .adv_w = 255, .box_w = 16, .box_h = 4, .ofs_x = -1, .ofs_y = 0}
};

/*---------------------
 *  CHARACTER MAPPING
 *--------------------*/

static const uint16_t unicode_list_3[] = {
    0x0, 0x4
};

/*Collect the unicode lists and glyph_id offsets*/
static const lv_font_fmt_txt_cmap_t cmaps[] =
{
    {
        .range_start = 32, .range_length = 95, .glyph_id_start = 1,
        .unicode_list = NULL, .glyph_id_ofs_list = NULL, .list_length = 0, .type = LV_FONT_FMT_TXT_CMAP_FORMAT0_TINY
    },
    {
        .range_start = 160, .range_length = 13, .glyph_id_start = 96,
        .unicode_list = NULL, .glyph_id_ofs_list = NULL, .list_length = 0, .type = LV_FONT_FMT_TXT_CMAP_FORMAT0_TINY
    },
    {
        .range_start = 174, .range_length = 82, .glyph_id_start = 109,
        .unicode_list = NULL, .glyph_id_ofs_list = NULL, .list_length = 0, .type = LV_FONT_FMT_TXT_CMAP_FORMAT0_TINY
    },
    {
        .range_start = 8226, .range_length = 5, .glyph_id_start = 191,
        .unicode_list = unicode_list_3, .glyph_id_ofs_list = NULL, .list_length = 2, .type = LV_FONT_FMT_TXT_CMAP_SPARSE_TINY
    }
};



/*--------------------
 *  ALL CUSTOM DATA
 *--------------------*/

#if LVGL_VERSION_MAJOR == 8
/*Store all the custom data of the font*/
static  lv_font_fmt_txt_glyph_cache_t cache;
#endif

#if LVGL_VERSION_MAJOR >= 8
static const lv_font_fmt_txt_dsc_t font_dsc = {
#else
static lv_font_fmt_txt_dsc_t font_dsc = {
#endif
    .glyph_bitmap = glyph_bitmap,
    .glyph_dsc = glyph_dsc,
    .cmaps = cmaps,
    .kern_dsc = NULL,
    .kern_scale = 0,
    .cmap_num = 4,
    .bpp = 4,
    .kern_classes = 0,
    .bitmap_format = 0,
#if LVGL_VERSION_MAJOR == 8
    .cache = &cache
#endif
};



/*-----------------
 *  PUBLIC FONT
 *----------------*/

/*Initialize a public general font descriptor*/
#if LVGL_VERSION_MAJOR >= 8
const lv_font_t muse_font_bold_italic_20 = {
#else
lv_font_t muse_font_bold_italic_20 = {
#endif
    .get_glyph_dsc = lv_font_get_glyph_dsc_fmt_txt,    /*Function pointer to get glyph's data*/
    .get_glyph_bitmap = lv_font_get_bitmap_fmt_txt,    /*Function pointer to get glyph's bitmap*/
    .line_height = 26,          /*The maximum line height required by the font*/
    .base_line = 5,             /*Baseline measured from the bottom of the line*/
#if !(LVGL_VERSION_MAJOR == 6 && LVGL_VERSION_MINOR == 0)
    .subpx = LV_FONT_SUBPX_NONE,
#endif
#if LV_VERSION_CHECK(7, 4, 0) || LVGL_VERSION_MAJOR >= 8
    .underline_position = -2,
    .underline_thickness = 1,
#endif
    .dsc = &font_dsc,          /*The custom font data. Will be accessed by `get_glyph_bitmap/dsc` */
#if LV_VERSION_CHECK(8, 2, 0) || LVGL_VERSION_MAJOR >= 9
    .fallback = NULL,
#endif
    .user_data = NULL,
};



#endif /*#if MUSE_FONT_BOLD_ITALIC_20*/
